Order Id,Order Date,Ship Date,Customer Id,Customer Name,Customer Segment,Product Id,Product Name,Category,Region,State,City,Quantity,Unit Price,Discount %,Sales Amount,Cost Price,Profit,Payment Mode,Delivery Status,Supplier Name,Supplier Email,Stock Left,Auto Reorder,Reorder Quantity
ORD1000,20-06-2026,26-06-2026,CUST881,Robert Bath,Home Office,PROD143,Office Chairs,Furniture,West,Karnataka,Srikakulam,3,3385,10,9139.5,6766.17,2373.33,Cash,Returned,Mane PLC,shethcharvi@dash.com,4,Yes,43
ORD1001,1/12/2024,19-01-2024,CUST758,Omaja Verma,Corporate,PROD955,Monitor,Electronics,South,Tripura,Kadapa,10,8270,20,66160,35888.32,30271.68,UPI,Pending,"Pal, Mishra and Kalita",samesh36@amble.com,22,No,0
ORD1002,12/6/2023,12/10/2023,CUST547,Waida Kibe,Home Office,PROD447,Rice Bag,Grocery,West,Sikkim,Chapra,5,8654,10,38943,29684.69,9258.31,Cash,Pending,"Taneja, Aurora and Chaudhry",fhans@balakrishnan.com,0,Yes,38
ORD1003,13-03-2026,19-03-2026,CUST284,Umang Natarajan,Consumer,PROD443,File Folder,Office Supplies,South,Meghalaya,Haridwar,2,9671,20,15473.6,9068.18,6405.42,UPI,Returned,"Chokshi, Mutti and Borde",mittalhemang@yadav.info,35,No,0
ORD1004,15-05-2024,21-05-2024,CUST148,Zarna Chana,Consumer,PROD638,Pen,Office Supplies,West,Tamil Nadu,Hyderabad,4,2567,5,9754.6,5605.26,4149.34,Cash,Pending,Mann Ltd,natarajanpallavi@halder.biz,24,No,0
ORD1005,16-03-2024,21-03-2024,CUST915,Yashvi Nagi,Consumer,PROD656,Stapler,Office Supplies,East,Uttar Pradesh,Jaipur,2,1460,0,2920,879.32,2040.68,Net Banking,Delivered,"Bains, Bhatt and Dass",emagar@sanghvi.com,10,No,0
ORD1006,31-07-2024,8/7/2024,CUST330,Bhavya Dhingra,Corporate,PROD310,Rice Bag,Grocery,North,Punjab,Bongaigaon,2,13051,0,26102,9251,16851,Net Banking,Pending,Misra Group,tbobal@lad.net,10,No,0
ORD1007,28-07-2025,8/1/2025,CUST548,Vasatika Sen,Consumer,PROD173,Dining Table,Furniture,East,Goa,Tumkur,5,5056,20,20224,10365.33,9858.67,Cash,Pending,"Vora, Krishnan and Sidhu",yatanarya@bava.net,28,No,0
ORD1008,12/3/2023,12/7/2023,CUST845,Urvashi Dey,Home Office,PROD282,Stapler,Office Supplies,South,Nagaland,Gandhidham,9,13917,5,5,79693.49,39296.86,Cash,Returned,Vasa LLC,ridhi28@mannan-sinha.org,42,No,0
ORD1009,7/8/2025,7/12/2025,CUST484,Sudiksha Sani,Consumer,PROD127,Notebook,Office Supplies,West,Bihar,Ahmednagar,5,1545,5,7338.75,3228.1,4110.65,Credit Card,Returned,"Toor, Guha and Apte",prashadtanmayi@vohra.com,25,No,0
ORD1010,8/11/2023,16-08-2023,CUST146,Hemani Ratti,Consumer,PROD404,Pen,Office Supplies,South,Andhra Pradesh,Amaravati,7,11484,15,68329.8,38372.2,29957.6,Credit Card,Delivered,Bath LLC,barkha34@kala-ray.com,35,No,0
ORD1011,28-02-2025,3/5/2025,CUST998,Wriddhish Oak,Home Office,PROD532,Keyboard,Electronics,East,Punjab,Sri Ganganagar,3,12331,15,31444.05,10523.22,20920.83,Net Banking,Delivered,"Mallick, Malhotra and Pingle",lopagoswami@goyal.com,45,No,0
ORD1012,9/5/2023,9/12/2023,CUST262,Widisha Lanka,Corporate,PROD492,Cooking Oil,Grocery,West,Meghalaya,Ongole,5,9449,5,44882.75,18532.86,26349.89,UPI,Cancelled,Sundaram and Sons,meera30@mitra.org,16,No,0
ORD1013,20-08-2025,27-08-2025,CUST558,Ryan Bobal,Home Office,PROD133,Pen,Office Supplies,West,Chhattisgarh,Narasaraopet,7,5835,0,40845,23133.87,17711.13,Cash,Pending,"Gill, Comar and Jhaveri",ysama@karnik.com,27,No,0
ORD1014,2/7/2024,14-02-2024,CUST712,Faris Mangat,Consumer,PROD490,Rice Bag,Grocery,East,Maharashtra,Panchkula,2,13470,20,21552,10369.86,11182.14,Net Banking,Cancelled,Khurana-Ganesan,upurohit@sane.com,3,Yes,22
ORD1015,10/8/2023,14-10-2023,CUST974,Vyanjana Bhagat,Consumer,PROD458,Study Table,Furniture,West,Mizoram,Udaipur,6,1775,5,10117.5,4915.64,5201.86,Cash,Returned,Mital PLC,pallavi51@sur.org,12,No,0
ORD1016,21-10-2024,27-10-2024,CUST369,Jonathan Hayre,Corporate,PROD750,Headphones,Electronics,West,Madhya Pradesh,Bhilwara,6,6949,5,39609.3,26406.51,13202.79,Net Banking,Delivered,"Chada, Subramanian and Malhotra",nicholas23@singhal.biz,24,No,0
ORD1017,20-07-2025,23-07-2025,CUST157,Sudiksha Ramesh,Consumer,PROD752,Rice Bag,Grocery,West,Uttar Pradesh,Hajipur,10,4086,0,40860,24346.4,16513.6,UPI,Pending,Batta-Kadakia,nakul76@sidhu.org,38,No,0
ORD1018,9/12/2023,17-09-2023,CUST333,Wakeeta Brar,Consumer,PROD339,Rice Bag,Grocery,East,Tamil Nadu,Srinagar,2,10541,15,17919.7,10344.68,7575.02,Credit Card,Returned,"Prakash, Ratti and Varughese",xalak69@kamdar.com,39,No,0
ORD1019,14-03-2026,17-03-2026,CUST674,Krisha Merchant,Corporate,PROD468,Headphones,Electronics,East,Uttar Pradesh,Sambalpur,7,1572,0,11004,8551.25,2452.75,Net Banking,Cancelled,"Bhandari, Borah and Ahuja",hemanggola@bajaj.com,0,Yes,29
ORD1020,21-01-2026,27-01-2026,CUST617,Wishi Garde,Consumer,PROD405,Headphones,Electronics,West,Mizoram,Tiruppur,4,10954,0,43816,30867.91,12948.09,Cash,Returned,"Mohanty, Goel and Venkataraman",gopal21@deshmukh-ahuja.biz,38,No,0
ORD1021,13-03-2026,16-03-2026,CUST458,Pranit Oak,Consumer,PROD642,Sofa,Furniture,South,Manipur,Farrukhabad,6,9611,5,54782.7,30840.12,23942.58,UPI,Pending,Mangat Group,tara86@dayal.com,8,Yes,42
ORD1022,8/12/2023,19-08-2023,CUST960,Isaiah Kothari,Home Office,PROD264,Rice Bag,Grocery,South,Haryana,Warangal,3,9982,0,29946,13004.73,16941.27,Cash,Returned,Hayer LLC,dbains@choudhry.com,37,No,0
ORD1023,11/9/2024,11/12/2024,CUST919,Hemal Mangal,Consumer,PROD105,Keyboard,Electronics,South,Sikkim,Sangli-Miraj & Kupwad,5,14863,0,74315,42146.66,32168.34,Credit Card,Cancelled,Balakrishnan-Kala,cmadan@narayanan-mitra.com,46,No,0
ORD1024,23-04-2026,26-04-2026,CUST387,Jairaj Lad,Consumer,PROD301,Pen,Office Supplies,East,Manipur,Darbhanga,6,7765,5,44260.5,25916.23,18344.27,UPI,Returned,Morar Group,manidalbir@aurora-randhawa.com,20,No,0
ORD1025,28-02-2026,3/7/2026,CUST195,Bhanumati Jayaraman,Home Office,PROD741,Stapler,Office Supplies,West,Uttar Pradesh,Gandhidham,10,1109,5,10535.5,6480.97,4054.53,Credit Card,Delivered,"Prasad, Sachdeva and Patel",waliaharsh@sathe.info,1,Yes,39
ORD1026,19-10-2023,26-10-2023,CUST811,Anay Toor,Corporate,PROD224,Laptop,Electronics,East,Bihar,Begusarai,3,2133,0,6399,3172.46,3226.54,Credit Card,Pending,Narayan Ltd,chanayashvi@issac.com,31,No,0
ORD1027,7/7/2025,13-07-2025,CUST467,Udarsh Gera,Consumer,PROD841,Laptop,Electronics,North,Bihar,Panihati,2,5517,0,11034,5199.93,5834.07,Credit Card,Cancelled,Bhatia and Sons,brijeshdey@srinivas.com,49,No,0
ORD1028,15-06-2025,18-06-2025,CUST159,Udarsh Mallick,Consumer,PROD510,Monitor,Electronics,North,Uttarakhand,Tiruchirappalli,1,8904,10,8013.6,5830.16,2183.44,Credit Card,Returned,Rajan-Kanda,mohammed67@kala-misra.info,6,Yes,43
ORD1029,16-11-2025,22-11-2025,CUST334,Vanya Wali,Consumer,PROD844,Calculator,Office Supplies,West,Assam,Bhavnagar,8,12288,20,78643.2,27244.34,51398.86,Cash,Returned,Oommen-Ahluwalia,darpan79@talwar.com,7,Yes,43
ORD1030,5/9/2025,5/12/2025,CUST529,Hardik Dyal,Consumer,PROD312,Stapler,Office Supplies,North,Gujarat,Kharagpur,10,8836,20,70688,26627.16,44060.84,Credit Card,Returned,Krishnamurthy Ltd,puridayamai@pandit-chawla.org,24,No,0
ORD1031,7/2/2026,7/9/2026,CUST974,Pallavi Bassi,Home Office,PROD800,Rice Bag,Grocery,East,West Bengal,Narasaraopet,8,11958,5,90880.8,68738.74,22142.06,Net Banking,Cancelled,"Varughese, Walia and Garde",williamkorpal@basak.info,22,No,0
ORD1032,11/9/2023,11/12/2023,CUST282,Ishwar Devi,Corporate,PROD547,Cooking Oil,Grocery,West,Meghalaya,Moradabad,5,11059,20,44236,31993.27,12242.73,Net Banking,Pending,Agate-Bava,ykothari@deep.com,14,No,0
ORD1033,27-02-2025,28-02-2025,CUST835,Leela Sankaran,Corporate,PROD616,Sofa,Furniture,North,Bihar,Proddatur,2,3222,0,6444,4958.31,1485.69,Credit Card,Returned,Jhaveri Inc,chasmum73@issac-sharma.biz,16,No,0
ORD1034,5/12/2026,17-05-2026,CUST584,Frederick Khurana,Corporate,PROD776,Study Table,Furniture,East,Madhya Pradesh,Eluru,8,3353,10,24141.6,12345.09,11796.51,Credit Card,Returned,Wable Inc,breddy@borde.net,38,No,0
ORD1035,4/2/2026,4/6/2026,CUST935,Vritti Solanki,Home Office,PROD429,Monitor,Electronics,East,Meghalaya,Bongaigaon,9,9372,15,71695.8,55049.78,16646.02,Cash,Returned,Das-Gupta,sacharyug@parekh-sharma.info,4,Yes,33
ORD1036,13-04-2025,17-04-2025,CUST252,Wridesh Luthra,Corporate,PROD946,Study Table,Furniture,West,Haryana,Coimbatore,4,2517,15,8557.8,6108.92,2448.88,Credit Card,Delivered,"Devan, Zachariah and Kata",nadigbarkha@vohra.net,11,No,0
ORD1037,27-12-2024,1/1/2025,CUST995,Sanaya Raj,Corporate,PROD204,Rice Bag,Grocery,West,Telangana,Noida,2,8731,10,15715.8,11934.07,3781.73,Net Banking,Returned,Dewan Inc,guneetmital@tata.com,23,No,0
ORD1038,10/7/2023,10/11/2023,CUST958,Jeet Radhakrishnan,Corporate,PROD252,Rice Bag,Grocery,South,Rajasthan,Guwahati,1,1276,0,1276,563.94,712.06,Cash,Delivered,Parsa PLC,harinichad@patil-som.com,41,No,0
ORD1039,11/4/2023,11/6/2023,CUST882,Yachana Konda,Corporate,PROD820,Notebook,Office Supplies,South,West Bengal,Sambhal,6,11276,10,60890.4,22949.76,37940.64,Net Banking,Cancelled,Anand-Chacko,aadiparsa@ganesh-bhavsar.org,9,Yes,31
ORD1040,30-12-2023,1/2/2024,CUST315,Chanchal Bhargava,Home Office,PROD290,Office Chairs,Furniture,North,Assam,Jorhat,10,2736,5,25992,7856.49,18135.51,Cash,Pending,Mital and Sons,aranganathan@sunder.com,1,Yes,40
ORD1041,2/11/2026,2/12/2026,CUST785,Indrajit Deshpande,Consumer,PROD313,Pen,Office Supplies,North,Kerala,Anand,7,2396,0,16772,10944.77,5827.23,UPI,Cancelled,"Bobal, Srivastava and Thakkar",onibasu@khosla-venkataraman.com,5,Yes,47
ORD1042,10/1/2024,10/5/2024,CUST836,Sanya Mand,Home Office,PROD514,Monitor,Electronics,East,Sikkim,Ulhasnagar,9,12911,20,92959.2,37953.02,55006.18,Net Banking,Returned,Mahajan Ltd,jprasad@balan.net,29,No,0
ORD1043,10/3/2025,10/8/2025,CUST109,Chaitanya Ravel,Home Office,PROD720,Mouse,Electronics,East,Sikkim,Karimnagar,3,3680,15,9384,3894.47,5489.53,UPI,Delivered,"Sura, Balay and Viswanathan",ranganathankashish@jani-krishna.com,6,Yes,20
ORD1044,6/9/2025,6/10/2025,CUST114,Ekantika Misra,Consumer,PROD271,Rice Bag,Grocery,East,Andhra Pradesh,Lucknow,9,14451,0,130059,74446.34,55612.66,Net Banking,Cancelled,"Bail, Kumar and Kurian",joshikamya@saha.info,27,No,0
ORD1045,20-05-2024,21-05-2024,CUST492,Gautami Natarajan,Consumer,PROD423,Keyboard,Electronics,South,Mizoram,Bhiwani,8,9208,15,62614.4,39382.18,23232.22,Cash,Returned,Wali and Sons,pooja46@viswanathan.com,13,No,0
ORD1046,29-05-2024,6/4/2024,CUST839,Girish Raman,Home Office,PROD311,Dining Table,Furniture,North,Telangana,Bharatpur,4,5482,5,20831.6,10175.55,10656.05,Net Banking,Pending,Vig Ltd,jsinghal@joshi.com,33,No,0
ORD1047,23-09-2025,30-09-2025,CUST788,Indali Chaudhary,Corporate,PROD772,Study Table,Furniture,North,Karnataka,Kalyan-Dombivli,8,7460,15,50728,18987.39,31740.61,UPI,Delivered,"Bail, Dyal and Bhagat",duttaanita@choudhry.com,23,No,0
ORD1048,13-08-2025,17-08-2025,CUST396,Darsh Banerjee,Corporate,PROD285,Notebook,Office Supplies,South,Sikkim,Rajpur Sonarpur,9,7110,15,54391.5,32211.16,22180.34,Cash,Cancelled,"Pradhan, Brar and Dubey",raoeesha@kara-gara.biz,2,Yes,29
ORD1049,6/11/2024,13-06-2024,CUST558,Henry Dugar,Consumer,PROD728,Pen,Office Supplies,North,West Bengal,Rajpur Sonarpur,3,3194,0,9582,7623.74,1958.26,Net Banking,Delivered,Mitra-Raghavan,bhardwajkrishna@sem.org,50,No,0
ORD1050,12/12/2024,16-12-2024,CUST709,Harrison Bava,Home Office,PROD288,Keyboard,Electronics,North,West Bengal,Mira-Bhayandar,7,9702,10,61122.6,46431.52,14691.08,Net Banking,Pending,"Balan, Prashad and Gandhi",wallareva@divan-pant.com,8,Yes,40
ORD1051,6/6/2025,6/8/2025,CUST188,Jagat Choudhary,Corporate,PROD915,Cooking Oil,Grocery,West,Meghalaya,Bhatpara,1,2490,15,2116.5,1067.27,1049.23,Net Banking,Returned,Kala-Srivastava,merchantlaksh@joshi.com,8,Yes,48
ORD1052,5/1/2024,5/3/2024,CUST760,Kritika Ray,Consumer,PROD184,Cooking Oil,Grocery,South,Maharashtra,Siliguri,8,6914,0,55312,21076.5,34235.5,UPI,Pending,Swaminathan and Sons,charitachanda@natt-dass.com,1,Yes,26
ORD1053,6/5/2024,6/7/2024,CUST901,Agastya Kothari,Home Office,PROD435,Cooking Oil,Grocery,West,Odisha,Rohtak,10,14930,0,149300,83360.15,65939.85,Cash,Pending,Sekhon Ltd,bhanda@varma.com,3,Yes,36
ORD1054,13-05-2026,19-05-2026,CUST549,Advik Mukhopadhyay,Consumer,PROD718,Cooking Oil,Grocery,South,Gujarat,Dehri,7,1928,5,12821.2,5916.14,6905.06,Net Banking,Delivered,Deol-Jhaveri,pdasgupta@prakash.info,47,No,0
ORD1055,26-03-2026,28-03-2026,CUST930,Vanya Narayanan,Consumer,PROD308,Keyboard,Electronics,North,Punjab,Farrukhabad,1,3348,15,2845.8,1487.83,1357.97,Net Banking,Cancelled,Toor LLC,framakrishnan@barman-deshpande.biz,24,No,0
ORD1056,18-04-2024,25-04-2024,CUST270,Rudra Divan,Home Office,PROD796,Pen,Office Supplies,West,Meghalaya,Arrah,2,5392,10,9705.6,6681.46,3024.14,Cash,Cancelled,"Goda, Om and Vyas",isaac60@kumer.biz,15,No,0
ORD1057,1/4/2024,1/6/2024,CUST356,Urvi Kothari,Consumer,PROD957,Monitor,Electronics,North,Nagaland,Amravati,5,12044,15,51187,36733.14,14453.86,Net Banking,Returned,Gokhale Group,noriutkarsh@dayal-pau.com,34,No,0
ORD1058,20-11-2023,27-11-2023,CUST797,Qasim Nagi,Home Office,PROD897,Rice Bag,Grocery,South,Sikkim,Bulandshahr,9,11155,5,95375.25,36166.05,59209.2,Net Banking,Returned,Bawa PLC,yborah@kalla-ray.com,44,No,0
ORD1059,30-09-2023,10/2/2023,CUST373,Amaira Zacharia,Corporate,PROD974,File Folder,Office Supplies,West,Tripura,Bikaner,5,3371,20,13484,9291.37,4192.63,Cash,Returned,Banik and Sons,birwridesh@oommen.com,19,No,0
ORD1060,5/11/2026,14-05-2026,CUST625,Arin Hayre,Consumer,PROD115,Cooking Oil,Grocery,South,West Bengal,Ramgarh,8,12467,15,84775.6,49599.47,35176.13,UPI,Cancelled,"Muni, Dhingra and Shankar",plal@kala-gupta.net,0,Yes,45
ORD1061,24-04-2025,27-04-2025,CUST636,Upasna Arya,Consumer,PROD316,Rice Bag,Grocery,South,Bihar,Miryalaguda,7,209,10,1316.7,1030.71,285.99,Net Banking,Cancelled,Nath-Sastry,zinalbadami@batta-sinha.info,17,No,0
ORD1062,16-06-2026,17-06-2026,CUST218,Rajeshri Dhingra,Corporate,PROD655,Keyboard,Electronics,East,Tripura,Tiruchirappalli,3,6422,20,15412.8,6693.27,8719.53,UPI,Pending,Bawa LLC,ltiwari@badal-narain.net,37,No,0
ORD1063,3/11/2025,18-03-2025,CUST129,Krishna Dara,Home Office,PROD794,Keyboard,Electronics,South,Uttarakhand,Nellore,3,5753,20,13807.2,8294.61,5512.59,UPI,Returned,Mittal-Kanda,subramaniandalaja@tank.com,20,No,0
ORD1064,11/12/2024,19-11-2024,CUST607,Harita Warrior,Home Office,PROD212,Sofa,Furniture,North,Telangana,Amaravati,10,12118,0,121180,49070.71,72109.29,Net Banking,Delivered,"Sawhney, Gala and Jha",nihal65@dada.info,46,No,0
ORD1065,22-12-2025,23-12-2025,CUST422,Maya Sarkar,Corporate,PROD538,Cooking Oil,Grocery,West,Karnataka,Purnia,7,5853,0,40971,31985.22,8985.78,Credit Card,Pending,"Rege, Tiwari and Chahal",binasalvi@grover-mitter.info,38,No,0
ORD1066,22-12-2023,29-12-2023,CUST412,Zansi Dhar,Consumer,PROD216,Cooking Oil,Grocery,South,Andhra Pradesh,Pimpri-Chinchwad,4,2899,20,9276.8,7321.23,1955.57,Credit Card,Cancelled,Shenoy-Rastogi,ishaanchada@mane.com,4,Yes,46
ORD1067,7/11/2025,13-07-2025,CUST624,Jason Bera,Consumer,PROD365,Keyboard,Electronics,South,Kerala,Pallavaram,10,9310,5,88445,30384.4,58060.6,Credit Card,Pending,Ramachandran LLC,nchander@sehgal-gill.info,49,No,0
ORD1068,15-08-2023,22-08-2023,CUST615,Aayush Bath,Home Office,PROD297,Notebook,Office Supplies,East,West Bengal,Tirupati,4,609,15,2070.6,1591.05,479.55,Net Banking,Delivered,Randhawa LLC,umenon@chada.com,19,No,0
ORD1069,14-11-2025,20-11-2025,CUST985,Darika Kala,Corporate,PROD358,Stapler,Office Supplies,West,Kerala,Bangalore,4,3935,10,14166,10343.26,3822.74,UPI,Delivered,Padmanabhan-Dewan,rajeshrikohli@seshadri.com,23,No,0
ORD1070,3/10/2026,3/11/2026,CUST516,Zaid Datta,Home Office,PROD681,Calculator,Office Supplies,West,Andhra Pradesh,Solapur,7,7083,0,49581,22360.27,27220.73,UPI,Cancelled,Sawhney LLC,aadi56@batta-prabhu.info,7,Yes,50
ORD1071,21-07-2024,24-07-2024,CUST968,Matthew Ahuja,Home Office,PROD172,Calculator,Office Supplies,North,Mizoram,Sambalpur,2,2594,10,4669.2,2390.73,2278.47,Cash,Delivered,Balasubramanian-Banik,mitalgaurangi@dhar.com,47,No,0
ORD1072,11/12/2025,15-11-2025,CUST837,Harita Chacko,Corporate,PROD158,Dining Table,Furniture,East,Kerala,Giridih,4,6804,0,27216,15966.6,11249.4,Cash,Delivered,Aurora and Sons,david45@seshadri.com,45,No,0
ORD1073,5/2/2024,5/7/2024,CUST382,Sanya Sen,Corporate,PROD284,Monitor,Electronics,North,Andhra Pradesh,Aurangabad,8,2111,5,16043.6,12513.99,3529.61,UPI,Cancelled,"Chawla, Nayar and Kalita",tandonekansh@biswas.com,35,No,0
ORD1074,28-02-2026,3/1/2026,CUST890,Charles Kaul,Consumer,PROD393,Cooking Oil,Grocery,South,Assam,Anantapur,9,10047,0,90423,70590.14,19832.86,UPI,Returned,Dua Inc,devansh48@gole.org,42,No,0
ORD1075,11/12/2025,14-11-2025,CUST769,Reyansh Kannan,Consumer,PROD801,Study Table,Furniture,North,Andhra Pradesh,Kakinada,10,10618,15,90253,61652.4,28600.6,Credit Card,Delivered,Hans-Varty,zbandi@bhakta-johal.com,2,Yes,45
ORD1076,19-11-2025,24-11-2025,CUST800,Yashvi Wason,Consumer,PROD836,Mouse,Electronics,East,Andhra Pradesh,Naihati,6,4721,20,22660.8,9746.12,12914.68,Cash,Cancelled,Vasa-Upadhyay,dmorar@tak.org,30,No,0
ORD1077,8/3/2024,8/8/2024,CUST960,Madhavi Lal,Corporate,PROD875,Rice Bag,Grocery,North,Odisha,Begusarai,10,10787,15,91689.5,73034.1,18655.4,UPI,Pending,"Pillay, Bera and Bhatti",kapurleela@hans-nazareth.com,25,No,0
ORD1078,28-07-2024,31-07-2024,CUST633,Jai Kakar,Corporate,PROD991,Office Chairs,Furniture,North,Mizoram,Coimbatore,4,13258,0,53032,30504.9,22527.1,UPI,Pending,Misra and Sons,ltara@edwin-tata.biz,27,No,0
ORD1079,15-11-2024,22-11-2024,CUST164,Shivansh Kala,Consumer,PROD145,Headphones,Electronics,South,Manipur,Kirari Suleman Nagar,5,5515,10,24817.5,7497.15,17320.35,UPI,Cancelled,Bhavsar LLC,dhruvsuri@prasad-gola.info,30,No,0
ORD1080,7/1/2026,7/8/2026,CUST494,Vrinda Banerjee,Corporate,PROD580,Notebook,Office Supplies,North,Jharkhand,Nagercoil,2,1034,20,1654.4,1175.29,479.11,UPI,Delivered,Dayal-Deol,doravansha@mutti.com,32,No,0
ORD1081,20-04-2025,27-04-2025,CUST819,Geetika Bhatt,Home Office,PROD162,File Folder,Office Supplies,East,Tamil Nadu,Medininagar,2,12820,20,20512,14309.01,6202.99,Cash,Cancelled,Bera-Ravel,warinderchaudhary@thaker.biz,30,No,0
ORD1082,18-10-2025,25-10-2025,CUST218,Ganga Ramachandran,Home Office,PROD448,Pen,Office Supplies,West,Nagaland,Kurnool,5,14979,5,71150.25,49775.57,21374.68,UPI,Returned,Devan Ltd,parth15@shanker.com,4,Yes,28
ORD1083,6/8/2026,13-06-2026,CUST882,Hamsini Bal,Home Office,PROD250,Bookshelf,Furniture,West,Kerala,Kishanganj,4,11732,5,44581.6,25484.2,19097.4,Net Banking,Delivered,"Pall, Vasa and Sinha",smurty@patel.com,48,No,0
ORD1084,4/12/2024,13-04-2024,CUST806,Veer Sachdev,Home Office,PROD949,Notebook,Office Supplies,North,Goa,Rewa,2,9223,10,16601.4,13106.46,3494.94,UPI,Pending,"Srinivasan, Mitra and Chandran",jmorar@hayer-toor.com,47,No,0
ORD1085,10/6/2023,13-10-2023,CUST657,Sudiksha Bakshi,Consumer,PROD443,Cooking Oil,Grocery,East,Odisha,Mau,8,2297,10,16538.4,6594.44,9943.96,Credit Card,Returned,"Bhasin, Krishna and Dani",lankaubika@behl.com,45,No,0
ORD1086,4/4/2025,4/6/2025,CUST172,Darsh Sharaf,Corporate,PROD804,Cooking Oil,Grocery,South,Telangana,Satara,5,6983,5,33169.25,15226.83,17942.42,Cash,Cancelled,Upadhyay-Mannan,lucky72@baria.org,33,No,0
ORD1087,1/1/2025,1/5/2025,CUST704,Reva Master,Corporate,PROD488,Pen,Office Supplies,West,Jharkhand,Muzaffarpur,8,6943,20,44435.2,28323.3,16111.9,Net Banking,Delivered,"Wagle, Memon and Kapur",tchandra@chaudry.biz,7,Yes,29
ORD1088,14-12-2024,16-12-2024,CUST972,Madhavi Ghosh,Home Office,PROD633,Cooking Oil,Grocery,North,Himachal Pradesh,Madurai,10,7868,20,62944,38864.33,24079.67,Cash,Returned,Aggarwal and Sons,xalak60@deep.net,18,No,0
ORD1089,31-03-2026,4/6/2026,CUST739,Udarsh Bora,Corporate,PROD741,Cooking Oil,Grocery,North,Meghalaya,Mango,10,1688,20,13504,4938.39,8565.61,Credit Card,Pending,"Dixit, Raval and Dhingra",christopher97@agarwal.com,35,No,0
ORD1090,1/10/2026,15-01-2026,CUST774,Wyatt Edwin,Home Office,PROD488,Cooking Oil,Grocery,North,Maharashtra,Sultan Pur Majra,10,5422,15,46087,34808.24,11278.76,UPI,Returned,Bandi-Hans,omall@prakash.com,6,Yes,27
ORD1091,12/6/2024,13-12-2024,CUST870,Arjun Majumdar,Home Office,PROD737,Dining Table,Furniture,North,Arunachal Pradesh,Arrah,10,9381,20,75048,51189.21,23858.79,Net Banking,Pending,Soni Group,falgunichacko@sha-keer.net,37,No,0
ORD1092,27-05-2024,6/3/2024,CUST700,Wakeeta Wagle,Home Office,PROD532,Keyboard,Electronics,North,Himachal Pradesh,Jehanabad,5,2438,20,9752,5564.85,4187.15,Cash,Returned,"Magar, Rao and Chhabra",yaminirout@acharya.com,43,No,0
ORD1093,22-08-2024,23-08-2024,CUST271,Oni Shanker,Corporate,PROD309,Cooking Oil,Grocery,North,Telangana,Burhanpur,4,1498,5,5692.4,2891.01,2801.39,Credit Card,Cancelled,"Khosla, Mukherjee and Vohra",dhawanagastya@badami.com,4,Yes,45
ORD1094,26-01-2026,29-01-2026,CUST266,Bhavani Barad,Corporate,PROD189,File Folder,Office Supplies,West,Maharashtra,Tenali,1,3902,15,3316.7,2372.23,944.47,Net Banking,Pending,Mahal-Raju,qbhavsar@chacko-comar.com,16,No,0
ORD1095,16-02-2025,20-02-2025,CUST180,Banjeet Parekh,Home Office,PROD308,Mouse,Electronics,West,Himachal Pradesh,Silchar,8,14774,5,112282.4,69394.95,42887.45,Credit Card,Pending,"Nagar, Gulati and Mittal",golanidhi@gera.com,8,Yes,28
ORD1096,3/6/2025,3/8/2025,CUST697,Ekansh Bera,Consumer,PROD349,Sofa,Furniture,North,Nagaland,Guwahati,4,12803,0,51212,25478.64,25733.36,UPI,Pending,Chad LLC,aaravsavant@chhabra.info,4,Yes,21
ORD1097,21-04-2026,22-04-2026,CUST845,Darsh Upadhyay,Home Office,PROD263,File Folder,Office Supplies,West,Assam,Raichur,6,9464,0,56784,42764.81,14019.19,Cash,Delivered,Apte-Gulati,falakbadal@koshy-dar.com,37,No,0
ORD1098,18-02-2025,25-02-2025,CUST822,Chandani Karan,Consumer,PROD307,File Folder,Office Supplies,West,Punjab,Bharatpur,5,1254,20,5016,1699.65,3316.35,Credit Card,Cancelled,Sarna-Kaul,abha11@wable.info,6,Yes,32
ORD1099,25-06-2025,27-06-2025,CUST239,Ira Chaudhari,Consumer,PROD990,Dining Table,Furniture,South,Kerala,Chapra,4,9643,5,36643.4,27828.29,8815.11,Cash,Delivered,Gera Ltd,pathakrudra@raj.com,18,No,0
ORD1100,23-03-2024,30-03-2024,CUST359,Isaiah Sharma,Home Office,PROD851,Office Chairs,Furniture,West,Bihar,Bangalore,2,154,5,292.6,209.52,83.08,UPI,Returned,"Pradhan, Hegde and Shere",krishahayer@kari-tandon.com,6,Yes,21
ORD1101,18-03-2025,23-03-2025,CUST310,Bhanumati Date,Home Office,PROD827,Notebook,Office Supplies,South,Goa,Dehri,2,10312,20,16499.2,8112.31,8386.89,Net Banking,Returned,Chand-Warrior,dvora@thaker.com,23,No,0
ORD1102,7/8/2026,13-07-2026,CUST369,Vrinda Ram,Corporate,PROD545,Headphones,Electronics,East,Karnataka,Kolkata,2,12124,5,23035.6,13870.69,9164.91,Credit Card,Delivered,Rau Ltd,ishita78@ramesh-dash.com,3,Yes,47
ORD1103,5/5/2024,5/7/2024,CUST872,Brinda Munshi,Corporate,PROD938,Rice Bag,Grocery,West,Manipur,Khammam,3,6065,0,18195,5744.56,12450.44,Cash,Delivered,Sampath-Choudhary,vcontractor@keer.com,14,No,0
ORD1104,27-08-2025,9/1/2025,CUST204,Harinakshi Kade,Consumer,PROD154,Study Table,Furniture,South,Haryana,Patiala,6,5795,10,31293,19374.41,11918.59,Cash,Returned,Chaudhary Inc,sathvik35@sankar-borah.net,29,No,0
ORD1105,4/4/2024,4/7/2024,CUST231,Charita Bhargava,Consumer,PROD906,Bookshelf,Furniture,East,Nagaland,Loni,10,8092,5,76874,47463.43,29410.57,Cash,Delivered,Behl-Dubey,gadearin@dani.com,4,Yes,34
ORD1106,20-05-2025,26-05-2025,CUST831,Gauri Magar,Home Office,PROD104,Keyboard,Electronics,North,Andhra Pradesh,Guna,7,14794,0,103558,46752.38,56805.62,UPI,Pending,Lata Ltd,qarincontractor@hans.net,10,No,0
ORD1107,18-11-2025,21-11-2025,CUST755,Mekhala Batta,Consumer,PROD884,Stapler,Office Supplies,North,Uttar Pradesh,Shahjahanpur,10,2867,20,22936,18254.48,4681.52,Net Banking,Delivered,Bose LLC,dalbir15@bora.net,31,No,0
ORD1108,9/3/2025,9/4/2025,CUST559,Advika Maharaj,Home Office,PROD413,Headphones,Electronics,West,Punjab,Saharanpur,4,10280,15,34952,23685.3,11266.7,UPI,Delivered,Patel-Bakshi,jagratibains@sodhi-contractor.com,34,No,0
ORD1109,3/11/2026,13-03-2026,CUST517,Hitesh Dora,Home Office,PROD957,Pen,Office Supplies,North,Kerala,Guntakal,3,5739,20,13773.6,8690,5083.6,UPI,Cancelled,"Dube, Ravel and Rai",duttavrinda@nagar-bhardwaj.org,26,No,0
ORD1110,23-08-2023,30-08-2023,CUST411,Jacob Dada,Consumer,PROD755,Monitor,Electronics,West,Odisha,Tirunelveli,8,7821,20,50054.4,36350.26,13704.14,UPI,Delivered,Malhotra-Gera,abdulsachdev@lal-keer.com,1,Yes,31
ORD1111,27-11-2023,28-11-2023,CUST924,Advika Suresh,Home Office,PROD186,Rice Bag,Grocery,South,Rajasthan,Jabalpur,1,8340,15,7089,5238.61,1850.39,UPI,Delivered,"Pandit, Salvi and Prabhu",duttasamarth@patla.info,40,No,0
ORD1112,16-03-2026,22-03-2026,CUST802,Laksh Saraf,Corporate,PROD364,Pen,Office Supplies,North,Karnataka,North Dumdum,5,14829,20,59316,32839.74,26476.26,Net Banking,Delivered,Pillai-Desai,dominicdeo@keer.info,34,No,0
ORD1113,23-01-2024,28-01-2024,CUST467,Jason Singh,Consumer,PROD800,Bookshelf,Furniture,East,Odisha,Cuttack,7,962,10,6060.6,2160.39,3900.21,Net Banking,Delivered,Yadav-Shan,deoyashica@ray.info,1,Yes,31
ORD1114,20-05-2024,27-05-2024,CUST495,Tanvi Ghosh,Home Office,PROD651,Dining Table,Furniture,East,Haryana,Nashik,9,12528,15,95839.2,62775.22,33063.98,Cash,Returned,"Sastry, Bhandari and Nagy",charvi10@kunda.net,46,No,0
ORD1115,19-04-2025,21-04-2025,CUST744,Chandran Aurora,Consumer,PROD328,Sofa,Furniture,South,Gujarat,Guntur,8,12504,15,85027.2,30619.76,54407.44,Net Banking,Pending,"Dani, Anand and Minhas",advika23@sane.com,10,No,0
ORD1116,22-07-2025,28-07-2025,CUST863,Lajita Nagar,Corporate,PROD401,Cooking Oil,Grocery,East,Odisha,Bhagalpur,1,5663,20,4530.4,3434.34,1096.06,Net Banking,Returned,Dass-Uppal,orinder37@parikh-dayal.biz,35,No,0
ORD1117,3/9/2024,13-03-2024,CUST485,Wazir Mallick,Consumer,PROD229,Headphones,Electronics,East,Jharkhand,Kanpur,10,802,10,7218,5091.65,2126.35,Cash,Pending,Ranganathan-Krishnamurthy,mohansamaksh@dhar-gara.com,15,No,0
ORD1118,28-05-2025,31-05-2025,CUST988,Damini Soni,Home Office,PROD532,Keyboard,Electronics,East,Goa,Khora ,3,6138,20,14731.2,5776.93,8954.27,UPI,Cancelled,Mani Group,skothari@andra-gola.biz,19,No,0
ORD1119,23-02-2025,25-02-2025,CUST217,Nidra Shetty,Corporate,PROD889,Stapler,Office Supplies,North,Nagaland,Tiruppur,3,3835,10,10354.5,7627.36,2727.14,Cash,Pending,Halder Group,ektachaudhary@kade.com,43,No,0
ORD1120,15-12-2025,20-12-2025,CUST928,Janya Nanda,Corporate,PROD178,Calculator,Office Supplies,South,Odisha,Srikakulam,10,3220,10,28980,12220.35,16759.65,UPI,Pending,Ramanathan LLC,cuppal@sengupta-mutti.com,22,No,0
ORD1121,23-10-2023,27-10-2023,CUST284,Jyoti Issac,Corporate,PROD353,Office Chairs,Furniture,South,Mizoram,Khandwa,2,8512,20,13619.2,10546.34,3072.86,Credit Card,Delivered,Kulkarni-Konda,bawavrishti@bahri-krish.com,33,No,0
ORD1122,4/1/2025,4/7/2025,CUST285,Reyansh Wable,Consumer,PROD580,Keyboard,Electronics,East,Gujarat,Rajpur Sonarpur,2,4000,20,6400,2790.87,3609.13,Cash,Pending,Sekhon PLC,dixitaadhya@khare.com,18,No,0
ORD1123,19-12-2025,26-12-2025,CUST617,Madhavi Baria,Home Office,PROD790,File Folder,Office Supplies,West,Madhya Pradesh,Allahabad,5,2980,20,11920,6850.43,5069.57,Net Banking,Pending,Ben Inc,amolkrishnan@pandey.com,0,Yes,44
ORD1124,10/8/2024,14-10-2024,CUST907,Hitesh Mann,Home Office,PROD583,Dining Table,Furniture,South,Gujarat,Rohtak,7,14241,0,99687,64150.74,35536.26,Net Banking,Cancelled,"Seth, Thaman and Devan",banjeet64@prashad.biz,44,No,0
ORD1125,2/12/2024,16-02-2024,CUST273,Patrick Chowdhury,Consumer,PROD288,Notebook,Office Supplies,North,Uttarakhand,Sri Ganganagar,7,510,10,3213,1294.27,1918.73,UPI,Returned,"Golla, Lalla and Majumdar",dsur@som.com,36,No,0
ORD1126,16-10-2024,19-10-2024,CUST870,Yashvi Ramachandran,Consumer,PROD615,Cooking Oil,Grocery,West,Bihar,Khammam,7,4425,20,24780,9650.89,15129.11,Credit Card,Returned,"Chaudhuri, Comar and Aggarwal",ektapalla@malhotra.com,19,No,0
ORD1127,29-04-2024,5/2/2024,CUST828,Anay Kibe,Corporate,PROD383,Cooking Oil,Grocery,West,Kerala,Kakinada,2,7021,20,11233.6,3902.94,7330.66,Cash,Pending,Jayaraman-Rau,zehaanranganathan@prashad.com,21,No,0
ORD1128,28-02-2024,3/2/2024,CUST724,Veda Seth,Consumer,PROD442,File Folder,Office Supplies,East,Kerala,Giridih,9,11192,0,100728,38471.46,62256.54,Cash,Returned,Dasgupta LLC,dugaranvi@handa.com,1,Yes,22
ORD1129,20-07-2026,24-07-2026,CUST694,Vivaan Din,Home Office,PROD492,Laptop,Electronics,North,Punjab,Rohtak,6,14552,0,87312,60582.34,26729.66,Cash,Delivered,"Sant, Prakash and Sarna",zaitramurthy@mallick.com,22,No,0
ORD1130,12/8/2023,12/9/2023,CUST114,Falan Upadhyay,Corporate,PROD395,Calculator,Office Supplies,North,Himachal Pradesh,Bareilly,8,14340,10,103248,42992.48,60255.52,Cash,Returned,Babu Inc,yashodaganesan@minhas.biz,37,No,0
ORD1131,19-05-2026,25-05-2026,CUST762,Jeremiah Raj,Corporate,PROD288,Laptop,Electronics,North,Nagaland,Guna,10,4026,10,36234,16189.27,20044.73,UPI,Returned,"Thakur, Chada and Bhargava",falgunidoctor@mallick.com,7,Yes,43
ORD1132,11/3/2023,11/10/2023,CUST877,Samar Shah,Consumer,PROD888,Pen,Office Supplies,South,Madhya Pradesh,Gurgaon,7,9822,5,65316.3,42656.7,22659.6,Net Banking,Returned,"Bandi, Chopra and Sharaf",nikitakanda@wali-sharaf.info,15,No,0
ORD1133,4/4/2024,4/5/2024,CUST120,Nathaniel Pillai,Home Office,PROD438,Mouse,Electronics,East,Andhra Pradesh,Vadodara,5,11164,0,55820,21380.45,34439.55,Credit Card,Cancelled,Prakash-Agrawal,anyapandya@dara-shankar.com,15,No,0
ORD1134,12/12/2024,13-12-2024,CUST681,Chaitanya Kanda,Home Office,PROD234,Rice Bag,Grocery,East,Uttarakhand,Bettiah,6,835,0,5010,2093.12,2916.88,Net Banking,Pending,Krishna PLC,sheregaurika@zachariah-tella.com,5,Yes,43
ORD1135,11/4/2023,11/8/2023,CUST385,Onkar Lall,Home Office,PROD651,Keyboard,Electronics,South,Karnataka,Dhanbad,10,5391,20,43128,18405.33,24722.67,Cash,Returned,Khatri-Murthy,lekharam@verma-kata.com,33,No,0
ORD1136,16-10-2024,18-10-2024,CUST681,Vasana Dubey,Corporate,PROD278,Pen,Office Supplies,East,Andhra Pradesh,Jabalpur,9,8066,10,65334.6,41544.63,23789.97,Cash,Returned,Dass and Sons,jpalla@chander-ray.net,29,No,0
ORD1137,27-09-2023,10/4/2023,CUST350,Manthan Hora,Consumer,PROD834,File Folder,Office Supplies,East,Telangana,Ludhiana,7,2132,5,14177.8,10134.02,4043.78,Cash,Cancelled,"Doctor, Goyal and Munshi",prabhakarrudra@yogi-lata.com,28,No,0
ORD1138,4/6/2024,4/12/2024,CUST409,Devansh Deol,Consumer,PROD613,Mouse,Electronics,West,Gujarat,Muzaffarpur,1,2673,10,2405.7,1322.33,1083.37,Credit Card,Delivered,Choudhry-Sanghvi,ywalia@bumb-nair.net,49,No,0
ORD1139,28-09-2023,10/1/2023,CUST545,Vasudha Sane,Corporate,PROD468,Office Chairs,Furniture,North,Uttarakhand,Jabalpur,8,330,5,2508,1880.5,627.5,Credit Card,Pending,"Manda, Devan and Tailor",edhitha79@oommen.com,48,No,0
ORD1140,15-09-2025,17-09-2025,CUST916,Mugdha Saran,Consumer,PROD955,Rice Bag,Grocery,North,Uttar Pradesh,Siwan,3,13089,5,37303.65,27729.47,9574.18,UPI,Cancelled,"Savant, Gera and Yohannan",ramanathanudarsh@hayer-roy.com,41,No,0
ORD1141,29-05-2025,6/5/2025,CUST166,Edhitha Hans,Home Office,PROD361,Monitor,Electronics,West,Sikkim,Jodhpur,1,7947,10,7152.3,2234.91,4917.39,Net Banking,Pending,Khosla-Bhargava,krishnaaayush@cherian-yogi.com,7,Yes,50
ORD1142,11/11/2024,15-11-2024,CUST900,Hardik Sachdeva,Consumer,PROD488,Pen,Office Supplies,East,Sikkim,Agra,1,10730,20,8584,6026.1,2557.9,Net Banking,Delivered,Kar-Gupta,yochanasama@contractor-dyal.com,49,No,0
ORD1143,19-10-2023,24-10-2023,CUST861,Gautami Mallick,Consumer,PROD418,Mouse,Electronics,West,Odisha,Anand,7,9492,10,59799.6,27367.29,32432.31,UPI,Cancelled,Kannan Ltd,diya54@korpal.com,45,No,0
ORD1144,24-10-2024,29-10-2024,CUST728,Ojasvi Randhawa,Consumer,PROD740,Keyboard,Electronics,South,Punjab,Sambalpur,9,10455,20,75276,29155.73,46120.27,Cash,Delivered,"Samra, Khanna and Kalla",gabavictor@boase.com,6,Yes,41
ORD1145,23-11-2024,28-11-2024,CUST743,Qadim Parmar,Corporate,PROD848,Stapler,Office Supplies,East,Haryana,Gulbarga,8,3245,0,25960,10916.53,15043.47,Credit Card,Delivered,Banerjee PLC,chameli75@ganguly.org,37,No,0
ORD1146,9/10/2024,9/12/2024,CUST782,Chandresh Sanghvi,Home Office,PROD460,Mouse,Electronics,East,Chhattisgarh,Bellary,3,10912,15,27825.6,13036.77,14788.83,Net Banking,Returned,"Bava, Manne and Acharya",qcomar@gokhale-tella.info,27,No,0
ORD1147,22-07-2025,24-07-2025,CUST198,Atharv Acharya,Corporate,PROD133,Cooking Oil,Grocery,East,Karnataka,Noida,1,1578,5,1499.1,512.93,986.17,Net Banking,Delivered,Mall Ltd,samarthshanker@gulati.com,1,Yes,28
ORD1148,30-08-2024,9/5/2024,CUST785,Mohini Devi,Corporate,PROD909,Keyboard,Electronics,South,Maharashtra,Kochi,10,7581,10,68229,49831.44,18397.56,Cash,Pending,Sandal Inc,moresaumya@sahni-nadkarni.org,50,No,0
ORD1149,20-01-2024,26-01-2024,CUST777,Omisha Deep,Consumer,PROD519,Dining Table,Furniture,East,Mizoram,Khora ,5,12266,0,61330,20864.4,40465.6,UPI,Pending,"Kumar, Lad and Bhat",manthan15@acharya.com,20,No,0
ORD1150,11/9/2023,15-11-2023,CUST674,Simon Srinivas,Consumer,PROD407,Cooking Oil,Grocery,East,Rajasthan,Aizawl,10,3663,20,29304,8886.82,20417.18,Cash,Delivered,Tata-Saran,singhbalveer@taneja.com,2,Yes,34
ORD1151,2/1/2025,2/6/2025,CUST136,Krisha Raj,Consumer,PROD446,Dining Table,Furniture,South,Assam,Parbhani,3,660,15,1683,711.68,971.32,Net Banking,Delivered,Kara-Dua,ramachandrandhriti@narang-sarma.net,17,No,0
ORD1152,29-09-2025,30-09-2025,CUST616,Nilima Soman,Consumer,PROD436,Monitor,Electronics,East,Goa,Dhule,4,9243,20,29577.6,21416.31,8161.29,Credit Card,Delivered,"Gokhale, Handa and Narula",lvarghese@grewal.info,22,No,0
ORD1153,3/1/2024,3/3/2024,CUST105,Zilmil Garg,Corporate,PROD148,Notebook,Office Supplies,South,Kerala,Aizawl,7,12231,15,72774.45,34024.02,38750.43,Net Banking,Returned,Chopra-Vyas,varshacherian@shankar.net,2,Yes,25
ORD1154,17-09-2024,20-09-2024,CUST751,Hredhaan Mittal,Home Office,PROD321,Office Chairs,Furniture,East,Uttarakhand,Sagar,4,3018,10,10864.8,3749.9,7114.9,Cash,Returned,Patla Ltd,krishnavarma@bose.com,0,Yes,21
ORD1155,24-01-2024,31-01-2024,CUST361,Thomas Natarajan,Home Office,PROD481,Study Table,Furniture,North,Tamil Nadu,Jamshedpur,2,13201,10,23761.8,16208.75,7553.05,Net Banking,Delivered,Dey Ltd,hredhaan22@wali-bhatia.com,3,Yes,45
ORD1156,21-01-2026,24-01-2026,CUST219,Manbir Sundaram,Home Office,PROD467,Calculator,Office Supplies,North,Mizoram,Pondicherry,1,806,15,685.1,337.44,347.66,Net Banking,Cancelled,Raju and Sons,lramaswamy@ben-jaggi.org,7,Yes,47
ORD1157,8/3/2025,8/9/2025,CUST242,Meghana Mani,Corporate,PROD762,Calculator,Office Supplies,West,Manipur,Tenali,4,11370,5,43206,20941.42,22264.58,Credit Card,Pending,Buch-Prashad,sharmatanmayi@kapadia.net,28,No,0
ORD1158,10/1/2024,10/5/2024,CUST276,Rohan Sinha,Corporate,PROD174,Office Chairs,Furniture,South,Sikkim,Chapra,8,13773,15,93656.4,74586.87,19069.53,UPI,Pending,Sandal LLC,frau@guha.info,22,No,0
ORD1159,3/6/2025,3/10/2025,CUST424,Hemal Madan,Consumer,PROD477,Bookshelf,Furniture,West,Goa,Bhimavaram,1,14586,15,12398.1,4980.42,7417.68,Net Banking,Delivered,"Tara, Khalsa and Patla",urajan@dalal.com,24,No,0
ORD1160,16-02-2025,20-02-2025,CUST589,Kabir Kumar,Corporate,PROD334,Keyboard,Electronics,North,Maharashtra,Bongaigaon,8,12314,15,83735.2,31583.79,52151.41,Credit Card,Returned,Rana Inc,upma10@ahluwalia.com,2,Yes,45
ORD1161,2/12/2024,13-02-2024,CUST534,Praneel Hegde,Corporate,PROD705,Pen,Office Supplies,East,Manipur,Belgaum,7,14674,5,97582.1,62472.73,35109.37,UPI,Returned,Anne and Sons,kgara@naik.biz,27,No,0
ORD1162,7/3/2024,7/10/2024,CUST121,Ekta Narayan,Consumer,PROD962,Bookshelf,Furniture,North,Mizoram,Chennai,1,12638,15,10742.3,7989.41,2752.89,Credit Card,Cancelled,Dhar-Bains,tvarty@lanka.com,7,Yes,44
ORD1163,25-10-2024,30-10-2024,CUST890,Ekantika Tandon,Corporate,PROD218,Calculator,Office Supplies,West,Jharkhand,Munger,10,1665,20,13320,7949.09,5370.91,UPI,Delivered,"Sane, Dara and Oza",siddharth02@pal-kamdar.com,34,No,0
ORD1164,24-06-2025,26-06-2025,CUST869,Sudiksha Shetty,Consumer,PROD245,Stapler,Office Supplies,North,Bihar,Vasai-Virar,7,3496,20,19577.6,10055.24,9522.36,Cash,Returned,Tank-Buch,hredhaan08@devan-ram.com,14,No,0
ORD1165,3/12/2025,13-03-2025,CUST580,Ishaan Baria,Home Office,PROD214,Cooking Oil,Grocery,South,Odisha,Kozhikode,2,2577,5,4896.3,3679.35,1216.95,Net Banking,Cancelled,Chatterjee-Ganesh,handareva@seshadri.com,36,No,0
ORD1166,3/5/2025,3/8/2025,CUST219,Bhavani Palla,Consumer,PROD154,Headphones,Electronics,West,Punjab,Dehradun,6,3732,5,21272.4,14405.58,6866.82,Cash,Delivered,Subramaniam and Sons,erajagopal@chowdhury-pau.com,8,Yes,22
ORD1167,12/1/2024,12/8/2024,CUST398,Teerth Chacko,Consumer,PROD702,Mouse,Electronics,East,Rajasthan,Chennai,2,9541,10,17173.8,6311.63,10862.17,Cash,Returned,"Gupta, Merchant and Mahajan",tram@prakash.biz,22,No,0
ORD1168,23-11-2025,25-11-2025,CUST756,Inaya Narula,Home Office,PROD163,Rice Bag,Grocery,North,Assam,Thane,6,11017,10,59491.8,42379.03,17112.77,Net Banking,Returned,Singh LLC,rayaanmall@munshi.info,8,Yes,43
ORD1169,24-10-2024,25-10-2024,CUST912,Jairaj Mukherjee,Home Office,PROD677,Study Table,Furniture,West,Andhra Pradesh,Kadapa,1,5112,20,4089.6,2677.88,1411.72,UPI,Returned,"Pandey, Puri and Bath",champakprashad@banerjee.org,21,No,0
ORD1170,18-12-2023,23-12-2023,CUST987,Warda Bora,Consumer,PROD726,Cooking Oil,Grocery,South,Gujarat,Durgapur,5,1412,15,6001,2938.01,3062.99,Cash,Returned,Mahajan PLC,hardikgala@kapur-ghose.com,12,No,0
ORD1171,25-02-2025,3/3/2025,CUST343,Ranveer Baria,Corporate,PROD714,Bookshelf,Furniture,West,Arunachal Pradesh,Kirari Suleman Nagar,4,13418,20,42937.6,33986.09,8951.51,UPI,Cancelled,Salvi Group,hredhaan61@dass.net,27,No,0
ORD1172,16-12-2024,23-12-2024,CUST459,Girik Gupta,Consumer,PROD480,File Folder,Office Supplies,South,Mizoram,Dhule,4,14615,10,52614,23050.51,29563.49,Credit Card,Cancelled,"Raju, Kata and Narain",dkashyap@raghavan-rajagopalan.net,31,No,0
ORD1173,5/10/2024,5/12/2024,CUST248,Kashish Singhal,Home Office,PROD426,Notebook,Office Supplies,West,Telangana,Amravati,5,6138,15,26086.5,10167.47,15919.03,Net Banking,Delivered,Issac-Rout,krishnamohan@venkatesh.com,13,No,0
ORD1174,20-05-2025,22-05-2025,CUST846,Saksham Kapadia,Consumer,PROD528,Notebook,Office Supplies,South,Uttarakhand,Rampur,10,8935,5,84882.5,25814.55,59067.95,Credit Card,Cancelled,Kari-Saha,gopaloza@dixit.info,38,No,0
ORD1175,5/8/2026,5/10/2026,CUST453,Amaira Nayar,Consumer,PROD110,Stapler,Office Supplies,South,Odisha,Ambala,6,14262,20,68457.6,29917.92,38539.68,Cash,Cancelled,Kapoor LLC,jai90@golla.org,39,No,0
ORD1176,15-06-2024,20-06-2024,CUST338,Advik Sem,Corporate,PROD198,Notebook,Office Supplies,North,Maharashtra,Serampore,7,1798,0,12586,8889.45,3696.55,Credit Card,Pending,Brar-Som,vamakshikoshy@dhillon.org,28,No,0
ORD1177,30-11-2023,12/2/2023,CUST723,Manthan Shankar,Corporate,PROD960,Cooking Oil,Grocery,North,Andhra Pradesh,Bhind,2,10450,20,16720,11222.78,5497.22,UPI,Pending,"Ahuja, Barad and Chaudry",hemangini58@srinivasan-prashad.com,25,No,0
ORD1178,8/10/2024,14-08-2024,CUST619,Finn Yohannan,Corporate,PROD586,Headphones,Electronics,South,Tripura,Loni,7,7258,0,50806,22678.66,28127.34,Cash,Cancelled,"Varughese, Sabharwal and Dar",rachana77@suri-tiwari.com,27,No,0
ORD1179,26-02-2024,3/4/2024,CUST136,Ekalinga Gupta,Corporate,PROD238,Cooking Oil,Grocery,South,Chhattisgarh,Chandrapur,3,6832,20,16396.8,8455,7941.8,Credit Card,Returned,Agarwal-Sehgal,udyati68@muni-halder.com,23,No,0
ORD1180,29-05-2026,6/5/2026,CUST684,Mohini Oza,Corporate,PROD406,File Folder,Office Supplies,West,Haryana,Ghaziabad,4,4778,15,16245.2,5201.89,11043.31,UPI,Delivered,Swaminathan-Munshi,xvasa@lalla-nagi.com,49,No,0
ORD1181,21-10-2024,26-10-2024,CUST724,Kashish Bhasin,Consumer,PROD268,Cooking Oil,Grocery,East,Maharashtra,Shahjahanpur,9,4962,20,35726.4,19611.55,16114.85,Credit Card,Delivered,Sidhu-Gade,oviyadevi@batta.com,41,No,0
ORD1182,2/9/2026,2/12/2026,CUST989,Gabriel Dash,Home Office,PROD125,Laptop,Electronics,South,Mizoram,Kurnool,5,10034,10,45153,26544.25,18608.75,Credit Card,Returned,"Sami, Munshi and Venkataraman",maxratta@hayer-tiwari.com,49,No,0
ORD1183,4/12/2025,19-04-2025,CUST472,Aadhya Nagarajan,Corporate,PROD330,Mouse,Electronics,North,Gujarat,Munger,6,4831,20,23188.8,17175.64,6013.16,Net Banking,Pending,Din and Sons,sneha11@wali.info,45,No,0
ORD1184,28-05-2025,29-05-2025,CUST173,Ethan Tata,Home Office,PROD837,Stapler,Office Supplies,South,Himachal Pradesh,Sri Ganganagar,3,6856,10,18511.2,12357.99,6153.21,Cash,Delivered,Sandal LLC,shivanshvarkey@chadha.info,1,Yes,27
ORD1185,25-08-2023,9/1/2023,CUST858,Turvi Wali,Home Office,PROD379,Rice Bag,Grocery,West,Assam,Hyderabad,5,3085,5,14653.75,7498.62,7155.13,UPI,Delivered,"Soman, Raman and Agrawal",panini06@nagar.com,17,No,0
ORD1186,7/11/2024,17-07-2024,CUST528,Charan Lanka,Corporate,PROD138,Dining Table,Furniture,North,Nagaland,Jamnagar,7,5557,15,33064.15,16308.58,16755.57,Cash,Pending,Kulkarni-Narula,rchanda@balasubramanian-jain.net,42,No,0
ORD1187,22-03-2026,23-03-2026,CUST569,Ekani Srivastava,Corporate,PROD686,Cooking Oil,Grocery,North,Manipur,Surat,3,12446,10,33604.2,18251.74,15352.46,Cash,Delivered,Iyengar-Boase,aarushkorpal@mander-kulkarni.info,38,No,0
ORD1188,12/7/2025,14-12-2025,CUST478,Aditya Tak,Consumer,PROD238,Cooking Oil,Grocery,South,Himachal Pradesh,Amritsar,8,1114,20,7129.6,2384.36,4745.24,Net Banking,Returned,"Sahota, Rai and Kalla",hritikmistry@golla.com,26,No,0
ORD1189,29-01-2026,2/4/2026,CUST790,Ishani Bassi,Home Office,PROD553,Notebook,Office Supplies,East,Kerala,Giridih,8,12161,5,92423.6,48096.32,44327.28,Net Banking,Returned,"Tak, Wagle and Deo",rswaminathan@jaggi.net,3,Yes,45
ORD1190,3/10/2024,17-03-2024,CUST269,Zinal Parmer,Corporate,PROD475,Cooking Oil,Grocery,North,Bihar,Davanagere,3,2407,15,6137.85,3596.66,2541.19,Cash,Cancelled,Kara Group,ukurian@mani-balasubramanian.info,21,No,0
ORD1191,26-08-2024,27-08-2024,CUST841,Leena Bhagat,Home Office,PROD980,Office Chairs,Furniture,South,Assam,Jammu,8,2582,0,20656,8606.89,12049.11,Cash,Delivered,"Sunder, Biswas and Pall",teerth70@parmar.com,35,No,0
ORD1192,30-01-2024,2/2/2024,CUST624,Ekani Dara,Corporate,PROD658,File Folder,Office Supplies,South,Rajasthan,Bhimavaram,9,2543,15,19453.95,14299.49,5154.46,Cash,Cancelled,Vig Group,aarnav49@amble-chaudhary.com,6,Yes,40
ORD1193,2/7/2026,14-02-2026,CUST567,Devika Khurana,Corporate,PROD578,Keyboard,Electronics,South,Mizoram,Panchkula,4,1475,10,5310,3647.95,1662.05,UPI,Pending,"Narula, Venkataraman and Datta",kom@kara.com,23,No,0
ORD1194,1/6/2025,1/10/2025,CUST696,Yamini Varghese,Corporate,PROD713,Headphones,Electronics,South,Meghalaya,Amroha,1,1240,20,992,305.1,686.9,Net Banking,Delivered,"Mutti, Lal and Choudhry",davepallavi@varughese.net,20,No,0
ORD1195,15-05-2025,22-05-2025,CUST144,Fariq Dass,Home Office,PROD210,Study Table,Furniture,North,Bihar,Karnal,7,6294,15,37449.3,19767.26,17682.04,UPI,Delivered,Saha-Vig,xalak59@sibal.biz,12,No,0
ORD1196,8/2/2026,8/9/2026,CUST382,Vaishnavi Puri,Consumer,PROD431,Dining Table,Furniture,East,Maharashtra,Hindupur,7,3439,0,24073,13432.16,10640.84,Cash,Pending,Golla-Murthy,harshbhardwaj@dass.org,42,No,0
ORD1197,29-06-2025,30-06-2025,CUST362,Yashodhara Kadakia,Consumer,PROD594,File Folder,Office Supplies,North,Arunachal Pradesh,Kulti,4,4287,15,14575.8,6640.54,7935.26,Cash,Delivered,Balay and Sons,jairajmittal@ravel.net,15,No,0
ORD1198,21-05-2024,24-05-2024,CUST437,Idika Garg,Corporate,PROD444,Laptop,Electronics,East,Nagaland,Rajkot,10,7005,0,70050,33456.92,36593.08,Credit Card,Delivered,Thaker Inc,bajajabdul@ranganathan-batta.net,31,No,0
ORD1199,6/2/2024,6/3/2024,CUST516,Qabil Uppal,Corporate,PROD285,Study Table,Furniture,North,Andhra Pradesh,Guna,3,11605,5,33074.25,21788.95,11285.3,Credit Card,Delivered,Vasa and Sons,golelogan@sangha-mital.com,45,No,0
ORD1200,17-06-2025,23-06-2025,CUST203,Patrick Ganesan,Home Office,PROD629,Cooking Oil,Grocery,West,West Bengal,Bhusawal,10,5731,10,51579,27279.83,24299.17,Credit Card,Pending,D’Alia Inc,choudhuryfariq@nigam.com,45,No,0
ORD1201,29-09-2023,10/6/2023,CUST225,Janaki Kapadia,Corporate,PROD293,Rice Bag,Grocery,West,Rajasthan,Miryalaguda,7,12302,5,81808.3,63472,18336.3,Net Banking,Cancelled,"Vyas, Chopra and Mutti",rbhakta@amble.net,41,No,0
ORD1202,11/7/2025,11/10/2025,CUST748,Nikita Sahni,Home Office,PROD984,Sofa,Furniture,North,Telangana,Amroha,6,2829,20,13579.2,6862.51,6716.69,Net Banking,Returned,"Dube, Lata and Gaba",aarnavsharaf@prabhu-issac.com,9,Yes,39
ORD1203,10/11/2025,18-10-2025,CUST707,Gaurangi Pathak,Corporate,PROD133,Rice Bag,Grocery,East,Rajasthan,Kanpur,3,6420,20,15408,10559.43,4848.57,Cash,Pending,Sarna-Setty,jagdish41@suri.com,18,No,0
ORD1204,5/1/2025,5/5/2025,CUST935,Geetika Manda,Home Office,PROD626,Cooking Oil,Grocery,East,Odisha,Panihati,10,4401,5,41809.5,19527.35,22282.15,UPI,Delivered,Pingle Ltd,girik65@rastogi.com,24,No,0
ORD1205,6/10/2026,13-06-2026,CUST874,Arunima Chadha,Consumer,PROD628,Dining Table,Furniture,South,Rajasthan,Nizamabad,7,14783,15,87958.85,57203.12,30755.73,Net Banking,Cancelled,"Kuruvilla, Parekh and Dewan",narayandarpan@babu.info,46,No,0
ORD1206,5/1/2024,5/5/2024,CUST180,Gopal Dhaliwal,Home Office,PROD651,Notebook,Office Supplies,West,Meghalaya,Ichalkaranji,7,586,0,4102,1722.37,2379.63,Credit Card,Pending,"Suresh, Chanda and Lanka",qwadhwa@sachdev.net,35,No,0
ORD1207,26-11-2025,29-11-2025,CUST518,Pavani Shanker,Home Office,PROD692,Rice Bag,Grocery,North,Kerala,Dindigul,7,12740,5,84721,39104.79,45616.21,Credit Card,Pending,Behl Group,diya02@sastry-biswas.com,4,Yes,44
ORD1208,5/6/2025,5/7/2025,CUST261,Zayyan Grover,Home Office,PROD464,Monitor,Electronics,North,Meghalaya,Gudivada,4,7907,5,30046.6,11295.06,18751.54,UPI,Delivered,Barad-Tak,sdyal@merchant.com,25,No,0
ORD1209,4/11/2026,16-04-2026,CUST476,Nilima Luthra,Home Office,PROD555,Sofa,Furniture,West,Assam,Tadipatri,9,8272,20,59558.4,37092.11,22466.29,UPI,Cancelled,Mani-Yohannan,walijairaj@uppal.com,5,Yes,41
ORD1210,20-02-2025,22-02-2025,CUST604,Qabil Pall,Corporate,PROD744,Monitor,Electronics,East,Andhra Pradesh,Munger,10,9382,0,93820,38046.75,55773.25,Credit Card,Returned,Wason Ltd,rauxiti@sarin.com,20,No,0
ORD1211,6/3/2026,6/6/2026,CUST282,Nirja Johal,Home Office,PROD123,Pen,Office Supplies,North,Uttar Pradesh,Bulandshahr,2,11464,5,21781.6,12449.75,9331.85,UPI,Cancelled,Thakur PLC,ravalchasmum@dara.com,15,No,0
ORD1212,14-05-2026,16-05-2026,CUST971,Ikshita Bhardwaj,Consumer,PROD442,Cooking Oil,Grocery,West,Maharashtra,Aurangabad,2,11222,0,22444,16895.74,5548.26,UPI,Delivered,Aurora Inc,azaanloke@choudhary.info,43,No,0
ORD1213,1/11/2025,13-01-2025,CUST425,Praneel Chaudhuri,Corporate,PROD827,Bookshelf,Furniture,North,Meghalaya,Nagaon,3,4853,15,12375.15,4817.4,7557.75,Credit Card,Pending,"Mannan, Atwal and Yohannan",chasmumjohal@mangal.com,16,No,0
ORD1214,9/5/2025,9/7/2025,CUST264,Gaurav Sarraf,Corporate,PROD557,Laptop,Electronics,North,Himachal Pradesh,Akola,6,14115,20,67752,20524,47228,Net Banking,Delivered,Gulati Inc,jonathan17@bakshi.com,26,No,0
ORD1215,10/3/2025,10/8/2025,CUST726,Hiral Venkatesh,Corporate,PROD322,Stapler,Office Supplies,East,Bihar,Agra,7,9613,15,57197.35,17262.93,39934.42,Net Banking,Returned,"Tara, Mahal and Lal",rayaankannan@nagar-tank.com,32,No,0
ORD1216,28-04-2026,30-04-2026,CUST353,Charan Sastry,Corporate,PROD395,Sofa,Furniture,South,West Bengal,Madanapalle,5,3317,15,14097.25,9545.99,4551.26,Credit Card,Pending,Jayaraman Group,jagarwal@mangal.net,0,Yes,21
ORD1217,2/12/2024,17-02-2024,CUST563,Chatura Chacko,Consumer,PROD827,Laptop,Electronics,South,Mizoram,Chittoor,4,13921,15,47331.4,37080.61,10250.79,Net Banking,Pending,Prabhakar PLC,kabir62@salvi.info,32,No,0
ORD1218,24-09-2024,10/1/2024,CUST580,Zaitra Dalal,Corporate,PROD672,Laptop,Electronics,North,Tripura,Ghaziabad,3,11689,15,29806.95,16439.59,13367.36,UPI,Cancelled,"Vasa, Nanda and Bhattacharyya",bakhshi51@kara.info,48,No,0
ORD1219,27-11-2023,28-11-2023,CUST132,Lipika Walia,Corporate,PROD812,Bookshelf,Furniture,North,Uttar Pradesh,Davanagere,8,13303,5,101102.8,48063.6,53039.2,Credit Card,Delivered,"Patil, Kulkarni and Peri",yatan17@de.com,42,No,0
ORD1220,4/11/2026,14-04-2026,CUST365,Mugdha Dani,Home Office,PROD880,File Folder,Office Supplies,North,Maharashtra,Gulbarga,6,13542,15,69064.2,33082.95,35981.25,Cash,Delivered,Sheth-Narayanan,giriksunder@palan-sarraf.biz,25,No,0
ORD1221,24-04-2026,27-04-2026,CUST993,Yatin Comar,Corporate,PROD132,Mouse,Electronics,East,Telangana,Bhatpara,6,187,0,1122,619.58,502.42,Credit Card,Delivered,"Parmer, Prasad and Sur",charlesvohra@prashad.org,50,No,0
ORD1222,4/3/2025,4/6/2025,CUST583,Yug Chhabra,Consumer,PROD579,Sofa,Furniture,South,Madhya Pradesh,Visakhapatnam,7,6076,20,34025.6,25863.51,8162.09,UPI,Cancelled,Pau-Panchal,ridhi70@barad.com,16,No,0
ORD1223,11/10/2023,11/12/2023,CUST829,Harish Lalla,Home Office,PROD623,Monitor,Electronics,North,Maharashtra,Bhusawal,9,7242,10,58660.2,43891.21,14768.99,Net Banking,Cancelled,Sahota-Raval,upadhriti80@behl-kaur.com,44,No,0
ORD1224,19-01-2024,22-01-2024,CUST438,Jai Radhakrishnan,Corporate,PROD885,Office Chairs,Furniture,West,Tamil Nadu,Bhopal,1,11354,20,9083.2,5161.1,3922.1,UPI,Cancelled,Murthy-Jayaraman,kashvi67@deshmukh.com,45,No,0
ORD1225,22-06-2024,27-06-2024,CUST598,Rajeshri Parmar,Consumer,PROD603,Mouse,Electronics,North,Rajasthan,Amritsar,1,4437,10,3993.3,1885.09,2108.21,UPI,Delivered,Mann LLC,rachana08@nanda-borra.com,36,No,0
ORD1226,19-03-2026,24-03-2026,CUST301,Manya Nath,Corporate,PROD484,Rice Bag,Grocery,West,Jharkhand,Miryalaguda,3,9862,5,28106.7,14209.95,13896.75,Cash,Cancelled,"Pall, Swaminathan and Sabharwal",ojasvikhosla@chakrabarti.com,8,Yes,42
ORD1227,20-04-2026,24-04-2026,CUST571,Ladli Agarwal,Consumer,PROD856,Pen,Office Supplies,East,Haryana,Gopalpur,5,14004,10,63018,21645.16,41372.84,Net Banking,Delivered,Dar-Mistry,labanbutala@bhatia.biz,25,No,0
ORD1228,16-09-2024,19-09-2024,CUST154,Vrinda Taneja,Corporate,PROD923,Bookshelf,Furniture,West,Arunachal Pradesh,New Delhi,9,3023,20,21765.6,8501.23,13264.37,UPI,Returned,Deep-Jha,deepanazareth@muni-sabharwal.net,48,No,0
ORD1229,13-06-2024,15-06-2024,CUST533,Naveen Chawla,Corporate,PROD987,Cooking Oil,Grocery,East,Nagaland,Dewas,9,3103,10,25134.3,13683.24,11451.06,Net Banking,Delivered,Sharma Ltd,ladwishi@gaba.com,6,Yes,26
ORD1230,27-11-2023,12/4/2023,CUST640,Isha Koshy,Home Office,PROD191,Rice Bag,Grocery,East,West Bengal,Raichur,5,2814,5,13366.5,7398.69,5967.81,Net Banking,Returned,Sibal-Mallick,raiekaja@issac.com,6,Yes,20
ORD1231,17-11-2024,23-11-2024,CUST484,Saanvi Choudhury,Home Office,PROD590,Pen,Office Supplies,West,Andhra Pradesh,Mathura,4,1596,0,6384,3981.02,2402.98,Net Banking,Returned,Barman-Mangat,avarghese@kunda.com,41,No,0
ORD1232,8/5/2024,8/12/2024,CUST637,Chatresh Zacharia,Corporate,PROD670,Monitor,Electronics,East,Nagaland,Bulandshahr,2,301,5,571.9,362.52,209.38,Cash,Pending,Sodhi-Salvi,upatla@kala.com,39,No,0
ORD1233,19-05-2025,24-05-2025,CUST883,Nilima Krish,Corporate,PROD423,Monitor,Electronics,West,Maharashtra,Rohtak,9,7878,5,67356.9,27754.68,39602.22,Credit Card,Pending,Sangha-Rau,petermagar@kant.info,41,No,0
ORD1234,8/1/2025,8/3/2025,CUST525,Netra Palla,Home Office,PROD678,Rice Bag,Grocery,West,Chhattisgarh,Gorakhpur,9,893,10,7233.3,2977.35,4255.95,UPI,Delivered,Tandon and Sons,lramesh@swamy.biz,11,No,0
ORD1235,20-08-2023,22-08-2023,CUST174,Rayaan Nagy,Consumer,PROD742,Keyboard,Electronics,East,Maharashtra,Kulti,6,6923,20,33230.4,17810.72,15419.68,UPI,Returned,Apte-Jani,jatin05@bakshi.com,47,No,0
ORD1236,4/6/2025,4/9/2025,CUST113,Robert Chokshi,Corporate,PROD577,Laptop,Electronics,South,Goa,Gangtok,6,6881,10,37157.4,19949.14,17208.26,UPI,Returned,"Vohra, Doctor and Tripathi",qchand@pai.org,35,No,0
ORD1237,27-04-2025,5/3/2025,CUST163,Samar Chander,Home Office,PROD713,Bookshelf,Furniture,South,Tripura,Purnia,9,13226,15,101178.9,71613.74,29565.16,UPI,Delivered,Jaggi Inc,chandani05@dara.org,42,No,0
ORD1238,22-09-2025,29-09-2025,CUST979,Sudiksha Nair,Consumer,PROD182,Bookshelf,Furniture,South,Odisha,Fatehpur,3,332,15,846.6,378.52,468.08,UPI,Cancelled,Andra Inc,kshah@balasubramanian.com,43,No,0
ORD1239,31-08-2024,9/3/2024,CUST701,Vedika Sami,Consumer,PROD982,Rice Bag,Grocery,North,West Bengal,Satara,3,12652,15,32262.6,16140.22,16122.38,Net Banking,Delivered,"Samra, Grewal and Upadhyay",lgade@raval-bali.com,0,Yes,23
ORD1240,17-01-2025,19-01-2025,CUST390,Madhav Prasad,Corporate,PROD234,Pen,Office Supplies,East,Mizoram,Cuttack,2,13908,0,27816,11862.44,15953.56,Cash,Delivered,Dhar-Trivedi,tandonyoshita@murthy-bansal.com,19,No,0
ORD1241,13-04-2024,15-04-2024,CUST546,Krisha Chauhan,Consumer,PROD669,Sofa,Furniture,South,Arunachal Pradesh,Deoghar,2,12370,5,23503,10339.85,13163.15,Credit Card,Delivered,Kapur-Borah,devannikita@aurora-shere.com,34,No,0
ORD1242,13-09-2024,19-09-2024,CUST192,Tejas Munshi,Home Office,PROD108,Stapler,Office Supplies,East,Gujarat,Raiganj,9,9595,20,69084,46670.64,22413.36,UPI,Cancelled,"Dasgupta, Suri and Ghose",dchaudhary@srinivas-mahajan.com,6,Yes,35
ORD1243,20-02-2026,21-02-2026,CUST739,Rehaan Sekhon,Consumer,PROD787,Pen,Office Supplies,West,Meghalaya,Imphal,4,11325,10,40770,23747.37,17022.63,Net Banking,Pending,Suresh Inc,xsarma@chowdhury.com,32,No,0
ORD1244,27-05-2025,6/1/2025,CUST939,Parth Shukla,Home Office,PROD825,Office Chairs,Furniture,South,Mizoram,Hubli–Dharwad,2,10823,15,18399.1,13497.23,4901.87,UPI,Pending,Kala Ltd,janyapalla@kalita-banik.com,17,No,0
ORD1245,27-04-2024,5/3/2024,CUST831,Wakeeta Dugar,Home Office,PROD830,Bookshelf,Furniture,South,Tamil Nadu,Agartala,4,12472,0,49888,30884.5,19003.5,Credit Card,Returned,"Maharaj, Chopra and Kulkarni",ria16@srinivas-seshadri.com,9,Yes,47
ORD1246,4/3/2025,4/4/2025,CUST478,Laban Dora,Consumer,PROD251,Sofa,Furniture,North,Himachal Pradesh,Hapur,5,5791,10,26059.5,11082.6,14976.9,Net Banking,Delivered,"Zachariah, Deo and Pandey",vedika31@balan-ahuja.com,33,No,0
ORD1247,4/9/2025,15-04-2025,CUST342,Baljiwan Sankar,Home Office,PROD141,Cooking Oil,Grocery,West,Odisha,Nashik,5,7504,0,37520,24335.29,13184.71,Cash,Pending,Sharaf-Walla,savantfinn@gandhi.net,13,No,0
ORD1248,28-02-2025,3/1/2025,CUST771,Kalpit Amble,Consumer,PROD278,Mouse,Electronics,East,Madhya Pradesh,Madanapalle,9,1333,10,10797.3,8456.2,2341.1,Net Banking,Cancelled,Karpe-Mammen,vrattan@vasa.org,50,No,0
ORD1249,7/2/2026,7/4/2026,CUST594,Maanas Soman,Home Office,PROD728,Laptop,Electronics,North,Bihar,Hindupur,9,13037,20,93866.4,48819.16,45047.24,Net Banking,Cancelled,"Bumb, Naik and Saran",nattnetra@raman.info,38,No,0
ORD1250,21-10-2024,25-10-2024,CUST441,Zaitra Kanda,Consumer,PROD482,Study Table,Furniture,West,Arunachal Pradesh,Anantapuram,4,8124,15,27621.6,15444.17,12177.43,Credit Card,Pending,"Dewan, Bhalla and Palla",dattabhanumati@mittal.com,28,No,0
ORD1251,4/11/2024,14-04-2024,CUST519,Frado Padmanabhan,Consumer,PROD375,Keyboard,Electronics,East,Karnataka,Saharanpur,2,9067,5,17227.3,8230.83,8996.47,Credit Card,Returned,"Om, Batra and Brar",krishnasachdeva@chacko.org,41,No,0
ORD1252,10/9/2023,10/11/2023,CUST573,Bhavna Rai,Corporate,PROD185,Study Table,Furniture,South,Manipur,Bhiwani,1,14550,20,11640,6480.51,5159.49,Credit Card,Returned,Mohanty Inc,omkaar86@khalsa-mitter.biz,35,No,0
ORD1253,21-06-2026,27-06-2026,CUST323,Jeevika Sankaran,Consumer,PROD338,Sofa,Furniture,South,Andhra Pradesh,Haridwar,10,11589,15,98506.5,72532.66,25973.84,Net Banking,Cancelled,Hora-Bath,xdhingra@dubey.net,6,Yes,23
ORD1254,8/6/2026,8/11/2026,CUST953,Ekta Batta,Corporate,PROD731,Calculator,Office Supplies,East,Bihar,Firozabad,10,2498,20,19984,14302.06,5681.94,Net Banking,Pending,Som-Mammen,uppalpooja@oak.org,40,No,0
ORD1255,27-03-2024,29-03-2024,CUST721,Azad Manda,Consumer,PROD907,Cooking Oil,Grocery,East,Sikkim,Hajipur,10,10073,20,80584,32436.06,48147.94,Credit Card,Cancelled,"Mital, Dugal and Ben",darabhanumati@khalsa-raman.com,20,No,0
ORD1256,28-12-2023,29-12-2023,CUST354,Guneet Garde,Home Office,PROD496,Mouse,Electronics,East,Karnataka,Nandyal,4,14272,5,54233.6,28651.16,25582.44,Credit Card,Pending,Bhat-Dhingra,upadhriti24@kota.info,48,No,0
ORD1257,22-12-2023,28-12-2023,CUST715,Omisha Menon,Corporate,PROD831,Sofa,Furniture,East,Andhra Pradesh,Chandrapur,5,13575,20,54300,18222.89,36077.11,UPI,Cancelled,Goyal-Sangha,ranbir55@varty-badami.info,35,No,0
ORD1258,26-08-2024,28-08-2024,CUST761,Shivansh Ghosh,Home Office,PROD134,Bookshelf,Furniture,East,Andhra Pradesh,Kurnool,9,12473,0,112257,35167.46,77089.54,Credit Card,Cancelled,Brahmbhatt-Nair,zuppal@nadkarni.com,9,Yes,25
ORD1259,12/2/2023,12/8/2023,CUST138,Hemangini Kale,Home Office,PROD932,File Folder,Office Supplies,North,Tripura,Davanagere,9,13889,5,118750.95,75979.15,42771.8,Net Banking,Returned,"Samra, Sachar and Sunder",yvyas@samra-natt.com,1,Yes,50
ORD1260,31-01-2025,2/4/2025,CUST569,Vedhika Sarma,Consumer,PROD539,Dining Table,Furniture,South,Nagaland,Bangalore,8,9446,5,71789.6,39473.28,32316.32,Net Banking,Cancelled,"Kanda, Johal and Narayanan",ysaha@prabhu-gaba.info,46,No,0
ORD1261,22-04-2024,27-04-2024,CUST960,Indrajit Nadig,Corporate,PROD527,Dining Table,Furniture,North,Rajasthan,Proddatur,9,1648,5,14090.4,7920.32,6170.08,Cash,Delivered,Upadhyay-Oza,jpalla@dara.org,12,No,0
ORD1262,12/3/2025,12/7/2025,CUST988,Yashasvi Jain,Consumer,PROD681,Bookshelf,Furniture,East,Chhattisgarh,Madurai,2,8308,20,13292.8,4792.29,8500.51,Net Banking,Returned,"Dada, Randhawa and Shan",girindra11@atwal-ben.com,17,No,0
ORD1263,21-11-2023,22-11-2023,CUST229,Ridhi Narain,Consumer,PROD422,Dining Table,Furniture,East,Uttarakhand,Imphal,4,3791,20,12131.2,3802.52,8328.68,Credit Card,Returned,"Srinivas, Atwal and Bobal",inadkarni@dhar-pant.com,23,No,0
ORD1264,22-01-2026,28-01-2026,CUST605,Tanvi Sura,Consumer,PROD864,Pen,Office Supplies,West,Chhattisgarh,Pimpri-Chinchwad,10,1710,10,15390,12193.58,3196.42,UPI,Returned,Minhas-Misra,lpatla@kohli.biz,34,No,0
ORD1265,10/5/2023,10/9/2023,CUST653,Harsh Dara,Home Office,PROD318,Rice Bag,Grocery,North,West Bengal,Thane,2,2723,15,4629.1,2964.18,1664.92,Net Banking,Cancelled,Chand-Thaker,nsubramaniam@agrawal.com,47,No,0
ORD1266,5/1/2024,5/3/2024,CUST594,Eta Ratti,Home Office,PROD974,Cooking Oil,Grocery,East,Nagaland,Sangli-Miraj & Kupwad,7,7697,20,43103.2,23126.9,19976.3,Cash,Delivered,Lalla LLC,vartymitesh@chaudhary.com,24,No,0
ORD1267,28-02-2026,3/6/2026,CUST776,Adya Mandal,Home Office,PROD244,Headphones,Electronics,North,Haryana,Durgapur,3,13036,5,37152.6,13778.87,23373.73,Credit Card,Pending,Randhawa LLC,kandafaras@rao.info,46,No,0
ORD1268,12/1/2024,12/6/2024,CUST635,Leena Joshi,Home Office,PROD214,File Folder,Office Supplies,North,Kerala,Ambala,1,10885,10,9796.5,4084.51,5711.99,Net Banking,Pending,"Hari, Luthra and Maharaj",kalanilima@ghosh.com,37,No,0
ORD1269,30-10-2024,11/3/2024,CUST353,Ekaraj Suresh,Corporate,PROD147,Mouse,Electronics,West,Haryana,Rajpur Sonarpur,2,4434,0,8868,5691.73,3176.27,Cash,Pending,Sethi-Bhatia,rudra31@sachdev.biz,23,No,0
ORD1270,15-07-2024,19-07-2024,CUST294,Lopa Pandey,Corporate,PROD951,Pen,Office Supplies,South,West Bengal,Surendranagar Dudhrej,8,2967,5,22549.2,9477.28,13071.92,Cash,Pending,Grewal-Shan,chandanicontractor@oak.info,27,No,0
ORD1271,12/8/2024,14-12-2024,CUST768,Maanav Ben,Consumer,PROD668,Cooking Oil,Grocery,North,West Bengal,Aurangabad,8,10958,15,74514.4,37996.27,36518.13,Cash,Pending,Ramachandran Ltd,qasimbhatt@konda-chaudhuri.biz,18,No,0
ORD1272,8/7/2026,14-08-2026,CUST957,Rehaan Singhal,Corporate,PROD742,Cooking Oil,Grocery,East,Andhra Pradesh,Kozhikode,6,417,0,2502,1778.27,723.73,Credit Card,Cancelled,Sule Inc,ladli09@choudhury.org,10,No,0
ORD1273,4/9/2026,16-04-2026,CUST207,Hemangini Karpe,Corporate,PROD816,Dining Table,Furniture,North,Gujarat,Vellore,1,6084,0,6084,3894.92,2189.08,Cash,Cancelled,Subramanian-Sur,haritasarin@upadhyay.com,13,No,0
ORD1274,14-05-2024,19-05-2024,CUST933,Tanmayi Aggarwal,Consumer,PROD634,Cooking Oil,Grocery,East,Uttar Pradesh,Vasai-Virar,2,7887,10,14196.6,4377.48,9819.12,UPI,Pending,Bali-Kothari,waglediya@koshy.com,42,No,0
ORD1275,21-03-2026,26-03-2026,CUST562,Janaki Morar,Consumer,PROD698,Cooking Oil,Grocery,South,Arunachal Pradesh,Nellore,3,5668,5,16153.8,12471.37,3682.43,UPI,Pending,"Nadkarni, Magar and Choudhary",ykara@saran.org,14,No,0
ORD1276,31-07-2025,8/1/2025,CUST581,Abha Chaudhary,Corporate,PROD372,Cooking Oil,Grocery,South,Jharkhand,Amroha,4,14603,10,52570.8,38385.17,14185.63,UPI,Delivered,Kota and Sons,nikita88@kannan.biz,2,Yes,44
ORD1277,11/6/2024,13-11-2024,CUST203,Oliver Sibal,Home Office,PROD429,Laptop,Electronics,West,Arunachal Pradesh,Mehsana,10,5473,5,51993.5,40667.77,11325.73,Net Banking,Delivered,Bobal PLC,vedantpalla@rai-loyal.com,8,Yes,20
ORD1278,8/7/2025,14-08-2025,CUST714,Anamika Nadig,Consumer,PROD769,Rice Bag,Grocery,North,Himachal Pradesh,Rajpur Sonarpur,10,10537,10,94833,66735.55,28097.45,Credit Card,Pending,Desai Ltd,meghana93@ganguly-varma.com,16,No,0
ORD1279,13-07-2026,19-07-2026,CUST466,Varenya Basu,Consumer,PROD344,Sofa,Furniture,West,West Bengal,Bhalswa Jahangir Pur,8,2552,5,19395.2,9797.32,9597.88,Credit Card,Cancelled,"Dube, Nazareth and Murty",deolgirindra@keer.org,22,No,0
ORD1280,6/7/2024,6/10/2024,CUST515,Edhitha Jain,Home Office,PROD135,Stapler,Office Supplies,West,Kerala,Bhagalpur,4,13412,5,50965.6,31783.8,19181.8,Credit Card,Returned,"Banerjee, Kapur and Biswas",dadamanbir@mohanty.com,40,No,0
ORD1281,30-10-2025,11/2/2025,CUST781,Frado Kashyap,Home Office,PROD754,Sofa,Furniture,South,Odisha,Sirsa,8,675,5,5130,2052.3,3077.7,Net Banking,Delivered,Borra-Nagar,pratyush68@mishra.biz,19,No,0
ORD1282,19-03-2025,21-03-2025,CUST527,Hema Radhakrishnan,Consumer,PROD830,Pen,Office Supplies,West,Rajasthan,Sagar,6,14614,10,78915.6,28007.33,50908.27,Net Banking,Delivered,Sampath PLC,waida70@rajagopal-oommen.org,5,Yes,46
ORD1283,14-06-2026,15-06-2026,CUST636,Vidhi Mukhopadhyay,Home Office,PROD109,Headphones,Electronics,North,Madhya Pradesh,Kirari Suleman Nagar,5,141,0,705,215.25,489.75,UPI,Delivered,Raval Ltd,lankadarpan@divan.info,29,No,0
ORD1284,27-04-2026,29-04-2026,CUST175,Chameli Vaidya,Home Office,PROD630,Mouse,Electronics,South,Punjab,Jalna,6,2011,20,9652.8,3865.74,5787.06,Cash,Pending,Nadig Ltd,divananita@kapoor.com,26,No,0
ORD1285,19-11-2023,22-11-2023,CUST483,Vedhika Vohra,Corporate,PROD471,Rice Bag,Grocery,West,Tripura,Gopalpur,2,12476,20,19961.6,9461.94,10499.66,Credit Card,Returned,"Sant, Natt and Rajagopal",dipta64@patla-borah.com,1,Yes,35
ORD1286,24-06-2024,27-06-2024,CUST969,Pranit Vora,Home Office,PROD347,Rice Bag,Grocery,North,Mizoram,Patna,2,4515,0,9030,2837.34,6192.66,Cash,Delivered,"Dada, Dutt and Sehgal",xchand@borah-gupta.com,11,No,0
ORD1287,9/10/2025,14-09-2025,CUST597,Isaiah Upadhyay,Corporate,PROD605,Rice Bag,Grocery,North,Meghalaya,Sultan Pur Majra,8,7814,20,50009.6,33481.49,16528.11,Credit Card,Delivered,"Mani, Banerjee and Balakrishnan",waidawadhwa@kala-kaul.com,13,No,0
ORD1288,28-01-2026,31-01-2026,CUST988,Aryan Khurana,Consumer,PROD949,Headphones,Electronics,West,Chhattisgarh,Junagadh,7,12733,10,80217.9,61578.66,18639.24,Net Banking,Cancelled,Tank Group,neha46@sarraf.net,24,No,0
ORD1289,24-03-2026,28-03-2026,CUST413,Victor Majumdar,Home Office,PROD246,Stapler,Office Supplies,South,Sikkim,Kakinada,2,4988,0,9976,3018.66,6957.34,Net Banking,Cancelled,Hari Ltd,amruta03@jaggi.com,20,No,0
ORD1290,15-08-2023,18-08-2023,CUST289,Pallavi Kamdar,Consumer,PROD933,Mouse,Electronics,South,Manipur,Bardhaman,5,12040,20,48160,26506.76,21653.24,Net Banking,Cancelled,Muni-Palan,duttabina@bahl-dugar.com,28,No,0
ORD1291,2/5/2026,2/6/2026,CUST415,Darsh Chakrabarti,Consumer,PROD592,Cooking Oil,Grocery,East,Chhattisgarh,Coimbatore,3,8907,15,22712.85,14821.72,7891.13,Credit Card,Delivered,Anand-Chauhan,wchana@chaudry.com,37,No,0
ORD1292,3/1/2024,3/3/2024,CUST345,Ranveer Walia,Corporate,PROD763,Notebook,Office Supplies,West,Madhya Pradesh,Bhimavaram,9,6413,5,54831.15,38056.35,16774.8,UPI,Pending,Ratta Ltd,aditya57@krishna.net,43,No,0
ORD1293,18-11-2023,19-11-2023,CUST827,Ekapad Shankar,Consumer,PROD754,Study Table,Furniture,North,Uttar Pradesh,Bhiwandi,5,3712,0,18560,6907.7,11652.3,Credit Card,Pending,Garde-Iyengar,johalimaran@dora.com,1,Yes,35
ORD1294,4/3/2024,4/5/2024,CUST636,Zaitra Sanghvi,Consumer,PROD624,File Folder,Office Supplies,West,Karnataka,Amroha,8,13285,0,106280,67883.43,38396.57,Net Banking,Delivered,"Sethi, Pradhan and Kade",muttiharinakshi@ratti.com,36,No,0
ORD1295,2/8/2025,14-02-2025,CUST175,Jyoti Comar,Consumer,PROD362,Pen,Office Supplies,East,Chhattisgarh,Begusarai,1,6254,5,5941.3,2812.14,3129.16,Net Banking,Returned,Pingle-Gokhale,nsachdev@balay.com,36,No,0
ORD1296,8/4/2024,8/8/2024,CUST834,Girik Bava,Consumer,PROD136,Calculator,Office Supplies,North,Assam,Shimoga,5,11425,20,45700,25924.48,19775.52,Credit Card,Delivered,"Prashad, Wason and Brahmbhatt",isunder@swaminathan-natt.com,0,Yes,43
ORD1297,18-05-2026,23-05-2026,CUST492,Baljiwan Anne,Corporate,PROD289,Notebook,Office Supplies,South,Goa,Ujjain,2,7357,15,12506.9,6001.01,6505.89,Cash,Pending,"Buch, Bobal and Savant",patiladweta@sinha.com,25,No,0
ORD1298,5/11/2024,16-05-2024,CUST853,Jai Batra,Home Office,PROD886,Cooking Oil,Grocery,West,Madhya Pradesh,Yamunanagar,5,12847,20,51388,16983.24,34404.76,UPI,Returned,Bains LLC,pmenon@golla.com,47,No,0
ORD1299,22-12-2025,27-12-2025,CUST288,Frederick Sami,Home Office,PROD151,Notebook,Office Supplies,East,Karnataka,Varanasi,5,9233,0,46165,32575.55,13589.45,Net Banking,Returned,Dhaliwal-Dhillon,ubikakurian@khare.com,49,No,0
ORD1300,2/6/2026,2/9/2026,CUST601,Jackson Dash,Home Office,PROD407,Study Table,Furniture,North,Haryana,Nagpur,2,827,15,1405.9,630.37,775.53,Credit Card,Delivered,"Patla, Gera and Sheth",wazirtak@chad.info,8,Yes,49
ORD1301,3/2/2025,3/4/2025,CUST198,Aashi Chaudhry,Corporate,PROD699,Bookshelf,Furniture,North,Meghalaya,Berhampore,9,8807,0,79263,30989.9,48273.1,Credit Card,Cancelled,"Virk, Oak and Krish",balasubramanianradhika@chandran-kant.com,1,Yes,47
ORD1302,23-12-2024,29-12-2024,CUST336,Madhavi Pall,Home Office,PROD613,Cooking Oil,Grocery,East,Goa,Katihar,9,2622,5,22418.1,17247.72,5170.38,Cash,Delivered,Singhal LLC,cparmer@sidhu.net,36,No,0
ORD1303,9/11/2024,16-09-2024,CUST130,Irya Baria,Home Office,PROD722,Rice Bag,Grocery,South,Uttar Pradesh,Orai,10,6708,10,60372,30335.85,30036.15,UPI,Delivered,"Shere, Subramanian and Korpal",akshay74@karan-toor.com,49,No,0
ORD1304,20-08-2023,21-08-2023,CUST622,Yug Barman,Corporate,PROD755,File Folder,Office Supplies,West,Sikkim,Gudivada,7,12585,5,83690.25,44501.05,39189.2,Credit Card,Cancelled,Divan-Mammen,santsara@bansal.com,34,No,0
ORD1305,7/8/2024,7/11/2024,CUST362,Nitara Kunda,Home Office,PROD144,Office Chairs,Furniture,West,Madhya Pradesh,Fatehpur,7,5002,5,33263.3,25892.88,7370.42,Net Banking,Returned,Lanka-Upadhyay,hraghavan@kohli.com,19,No,0
ORD1306,29-06-2026,7/1/2026,CUST379,Mason Oza,Home Office,PROD384,Dining Table,Furniture,West,Manipur,Darbhanga,8,1593,10,11469.6,4156.51,7313.09,UPI,Cancelled,Parmer LLC,shanmeghana@merchant.com,37,No,0
ORD1307,19-08-2024,24-08-2024,CUST732,Ishaan Tiwari,Home Office,PROD535,Keyboard,Electronics,North,Nagaland,Medininagar,7,2059,10,12971.7,7973.17,4998.53,UPI,Delivered,Palla-D’Alia,msule@sem.com,26,No,0
ORD1308,26-11-2025,29-11-2025,CUST504,Ronith Nori,Consumer,PROD612,Rice Bag,Grocery,South,Jharkhand,Thoothukudi,1,4476,0,4476,2784.39,1691.61,Credit Card,Cancelled,"Vig, Kulkarni and Pillay",gauravkapoor@lall.biz,49,No,0
ORD1309,6/3/2026,6/7/2026,CUST242,Indrajit Bumb,Home Office,PROD177,Notebook,Office Supplies,West,Arunachal Pradesh,Ghaziabad,4,10880,0,43520,20053.94,23466.06,Credit Card,Pending,Kar-Kalita,nathbachittar@sahni-mital.com,2,Yes,50
ORD1310,12/2/2024,12/3/2024,CUST646,Girish Kumer,Home Office,PROD890,Cooking Oil,Grocery,West,West Bengal,Avadi,2,290,10,522,241.73,280.27,Cash,Pending,D’Alia-Morar,gamble@kamdar-dixit.com,34,No,0
ORD1311,22-02-2024,29-02-2024,CUST868,Aadhya Kalla,Home Office,PROD597,Sofa,Furniture,East,Mizoram,Bhind,8,11826,5,89877.6,51008.85,38868.75,Net Banking,Returned,"Chaudhuri, Kar and Kaur",eloke@prashad.com,46,No,0
ORD1312,12/11/2024,16-12-2024,CUST972,Qarin Sen,Corporate,PROD767,Notebook,Office Supplies,North,Andhra Pradesh,Aurangabad,3,7855,10,21208.5,16916.96,4291.54,UPI,Returned,Yohannan-Puri,ethansalvi@sibal-kar.org,22,No,0
ORD1313,31-10-2024,11/1/2024,CUST369,Abdul Batta,Home Office,PROD164,Study Table,Furniture,South,Meghalaya,Tiruvottiyur,9,8736,20,62899.2,50193.54,12705.66,UPI,Pending,Sahni LLC,aarushwadhwa@kaur.biz,29,No,0
ORD1314,29-02-2024,3/7/2024,CUST561,Samaksh Dhillon,Consumer,PROD334,Keyboard,Electronics,North,Meghalaya,Ghaziabad,1,8145,20,6516,2409.42,4106.58,Net Banking,Delivered,"Rana, Morar and Hora",dhillonnathaniel@ramaswamy.net,12,No,0
ORD1315,9/6/2024,13-09-2024,CUST821,Leena Kibe,Corporate,PROD473,Monitor,Electronics,West,Arunachal Pradesh,Ambarnath,3,13956,5,39774.6,30001.18,9773.42,Net Banking,Cancelled,"Kanda, Tank and Bajwa",yashasvibanerjee@mital.com,24,No,0
ORD1316,3/11/2024,14-03-2024,CUST451,Amara Kapadia,Corporate,PROD526,Laptop,Electronics,North,Tamil Nadu,Narasaraopet,10,1354,15,11509,9050.8,2458.2,Net Banking,Pending,"Tripathi, Pandya and Bhatt",upasnade@subramanian.info,46,No,0
ORD1317,13-06-2026,17-06-2026,CUST450,Rushil Goyal,Consumer,PROD125,Rice Bag,Grocery,North,Mizoram,Delhi,2,11502,5,21853.8,16205.67,5648.13,UPI,Returned,Kapadia-Padmanabhan,alka72@pathak-varughese.info,25,No,0
ORD1318,14-03-2024,19-03-2024,CUST646,Veer Sekhon,Consumer,PROD833,Dining Table,Furniture,South,Meghalaya,Anand,1,3011,0,3011,2244.23,766.77,Net Banking,Cancelled,"Zachariah, Korpal and Shukla",krishna39@gara.info,8,Yes,35
ORD1319,17-09-2024,19-09-2024,CUST425,Upasna Badal,Consumer,PROD832,Sofa,Furniture,East,Nagaland,Secunderabad,10,939,10,8451,6214.78,2236.22,UPI,Returned,Munshi and Sons,kotharileela@saraf-rai.com,43,No,0
ORD1320,9/7/2025,9/10/2025,CUST923,Indira Ratti,Corporate,PROD334,Notebook,Office Supplies,North,Punjab,Sambalpur,9,11249,0,101241,40782.26,60458.74,Credit Card,Delivered,Lata LLC,chandanikohli@sethi.com,7,Yes,23
ORD1321,18-03-2026,24-03-2026,CUST822,Eiravati Ghosh,Corporate,PROD403,Sofa,Furniture,West,Arunachal Pradesh,Bardhaman,8,4576,20,29286.4,18118.11,11168.29,UPI,Delivered,Sawhney-Mall,luthrapallavi@sahota-bhandari.net,11,No,0
ORD1322,28-09-2023,10/2/2023,CUST878,Faqid Dalal,Corporate,PROD917,Cooking Oil,Grocery,South,Nagaland,Dewas,5,13951,20,55804,32594.61,23209.39,UPI,Delivered,"Singh, Malhotra and Ganesan",kagate@gaba-lad.com,40,No,0
ORD1323,6/1/2024,6/2/2024,CUST360,Nihal Buch,Corporate,PROD543,Keyboard,Electronics,East,Manipur,Srikakulam,2,2889,10,5200.2,3215.18,1985.02,UPI,Delivered,Solanki-Prasad,nadkarnivasana@lala.com,40,No,0
ORD1324,9/9/2025,14-09-2025,CUST898,Urvi Edwin,Home Office,PROD808,Headphones,Electronics,East,Himachal Pradesh,Hajipur,8,1609,15,10941.2,7439.26,3501.94,Net Banking,Returned,"Sandhu, Bedi and Mander",aarnanadkarni@din.biz,6,Yes,21
ORD1325,14-05-2024,19-05-2024,CUST165,Ubika Narang,Home Office,PROD709,File Folder,Office Supplies,North,Rajasthan,Khammam,4,12238,5,46504.4,36847.32,9657.08,Net Banking,Delivered,"Borah, Babu and Zacharia",osha97@nayak.net,31,No,0
ORD1326,20-02-2025,24-02-2025,CUST505,Ikbal Raj,Corporate,PROD953,Cooking Oil,Grocery,North,Haryana,Noida,6,14848,0,89088,30553.08,58534.92,UPI,Cancelled,"Kalla, Gokhale and Gour",pallalucky@raj.org,49,No,0
ORD1327,28-03-2026,31-03-2026,CUST154,Xalak Vaidya,Home Office,PROD184,Calculator,Office Supplies,West,Andhra Pradesh,Bhind,2,5247,5,9969.3,6893.78,3075.52,UPI,Returned,Mital-Krish,floke@anne.com,23,No,0
ORD1328,16-05-2026,21-05-2026,CUST672,Dev Anne,Consumer,PROD937,File Folder,Office Supplies,North,Tamil Nadu,Chinsurah,5,10726,15,45585.5,17405.76,28179.74,Net Banking,Delivered,Bail Ltd,zashilsane@krishnan-deep.org,5,Yes,24
ORD1329,12/12/2024,13-12-2024,CUST951,Widisha Dass,Corporate,PROD159,Rice Bag,Grocery,East,Telangana,Aizawl,6,3785,5,21574.5,14631.48,6943.02,Net Banking,Delivered,Seth-Kata,vaurora@ramaswamy-sankaran.biz,21,No,0
ORD1330,16-09-2025,18-09-2025,CUST351,Akshay Dayal,Corporate,PROD840,Keyboard,Electronics,North,Chhattisgarh,Nandyal,2,1800,0,3600,1560.27,2039.73,Cash,Cancelled,Om LLC,guhatristan@gulati.com,39,No,0
ORD1331,7/2/2024,7/8/2024,CUST219,Samesh Mann,Corporate,PROD588,Cooking Oil,Grocery,South,Gujarat,Bahraich,7,3908,0,27356,19118.94,8237.06,Credit Card,Returned,Dua-Grover,shroffwatika@basak-madan.biz,25,No,0
ORD1332,29-02-2024,3/1/2024,CUST848,Aarna Sunder,Home Office,PROD747,Pen,Office Supplies,West,Manipur,Jalandhar,10,11947,20,95576,39280.02,56295.98,Net Banking,Pending,Seth-Bhalla,matthewpandey@panchal.com,2,Yes,43
ORD1333,7/3/2024,7/5/2024,CUST637,Yuvraj Bala,Home Office,PROD960,Rice Bag,Grocery,North,Madhya Pradesh,Bulandshahr,7,11423,0,79961,48181.28,31779.72,Credit Card,Pending,"Sharaf, Thakkar and Raja",timothychandran@patla.com,3,Yes,29
ORD1334,9/6/2024,9/12/2024,CUST834,Kavya Menon,Consumer,PROD173,Bookshelf,Furniture,West,Madhya Pradesh,Hapur,2,5028,20,8044.8,5332.36,2712.44,Cash,Returned,Andra Group,zmodi@mani-thakkar.net,49,No,0
ORD1335,12/11/2023,12/12/2023,CUST106,Netra Randhawa,Corporate,PROD345,Dining Table,Furniture,South,Arunachal Pradesh,Noida,4,4852,10,17467.2,7390.34,10076.86,Credit Card,Delivered,Gole Group,tchanda@swamy.com,17,No,0
ORD1336,3/11/2024,17-03-2024,CUST997,Matthew Gera,Consumer,PROD187,Calculator,Office Supplies,North,Maharashtra,Dibrugarh,10,14210,10,127890,92437.38,35452.62,Credit Card,Pending,Dutt LLC,ojha@chawla.biz,37,No,0
ORD1337,9/5/2024,9/9/2024,CUST536,Pranav Issac,Consumer,PROD506,Stapler,Office Supplies,West,Uttarakhand,Kozhikode,5,3940,5,18715,13564.15,5150.85,Credit Card,Pending,Upadhyay LLC,inarula@saran.com,0,Yes,20
ORD1338,28-10-2023,29-10-2023,CUST616,Ekani Dhar,Home Office,PROD805,Cooking Oil,Grocery,South,Meghalaya,Chittoor,1,7561,20,6048.8,3607.78,2441.02,Net Banking,Delivered,Loke-Chad,unnati12@babu-varma.org,5,Yes,34
ORD1339,12/6/2024,13-12-2024,CUST231,Damini Sanghvi,Home Office,PROD282,Notebook,Office Supplies,East,Odisha,Siwan,8,14100,10,101520,75155.2,26364.8,Net Banking,Cancelled,"Shetty, Sethi and Ganesan",advay72@singhal.info,3,Yes,30
ORD1340,17-10-2023,23-10-2023,CUST870,Mason Bansal,Consumer,PROD661,Rice Bag,Grocery,South,Tamil Nadu,Panipat,1,11814,15,10041.9,4057.68,5984.22,Credit Card,Delivered,Sant-Patla,fitanbaral@nori.org,0,Yes,28
ORD1341,10/2/2025,10/4/2025,CUST255,Girindra Seth,Home Office,PROD442,Monitor,Electronics,South,Gujarat,Surat,4,3746,0,14984,10331.39,4652.61,UPI,Pending,Balakrishnan-Sandhu,mugdha97@suri-dhar.info,19,No,0
ORD1342,8/1/2025,8/6/2025,CUST995,Varsha Acharya,Home Office,PROD994,Rice Bag,Grocery,North,Gujarat,Berhampore,1,10555,15,8971.75,3648.49,5323.26,Net Banking,Delivered,"Lata, Gole and Pal",shroffrachit@kalita-kalla.com,41,No,0
ORD1343,18-07-2026,22-07-2026,CUST575,Hemangini Ratti,Consumer,PROD209,Pen,Office Supplies,West,Assam,Moradabad,6,1962,5,11183.4,5319.55,5863.85,UPI,Pending,Singh-Misra,wnori@chaudhari-sarraf.com,11,No,0
ORD1344,16-10-2025,17-10-2025,CUST773,Pallavi Kata,Consumer,PROD275,Rice Bag,Grocery,South,Maharashtra,Motihari,9,9524,5,81430.2,51552.89,29877.31,Cash,Cancelled,Chandra Group,hardik49@kala.info,25,No,0
ORD1345,26-01-2024,2/1/2024,CUST257,Anamika Kannan,Consumer,PROD197,Mouse,Electronics,North,Sikkim,Tezpur,9,13843,20,99669.6,62370.45,37299.15,Net Banking,Pending,Dara-Nair,ramvanya@mandal.info,9,Yes,23
ORD1346,14-02-2026,20-02-2026,CUST764,Isaiah Handa,Home Office,PROD658,Calculator,Office Supplies,West,Tamil Nadu,Gulbarga,9,3471,20,24991.2,11678.99,13312.21,Cash,Pending,Apte Inc,nisha26@sami.org,37,No,0
ORD1347,21-07-2024,25-07-2024,CUST602,Reva Babu,Corporate,PROD717,Notebook,Office Supplies,South,Rajasthan,Panvel,4,11865,15,40341,17508.23,22832.77,Net Banking,Cancelled,"Mittal, Kota and Kapoor",xgrover@mangal-tara.com,46,No,0
ORD1348,13-12-2023,14-12-2023,CUST332,Naveen Dass,Corporate,PROD445,Mouse,Electronics,East,Mizoram,Lucknow,8,8589,20,54969.6,25883.9,29085.7,Cash,Pending,"Kibe, Kaur and Cherian",lalarajata@nayak.com,26,No,0
ORD1349,19-10-2025,25-10-2025,CUST635,Owen Pandit,Corporate,PROD948,Rice Bag,Grocery,North,Meghalaya,Raipur,9,2301,20,16567.2,11237.34,5329.86,UPI,Cancelled,Sood Ltd,majumdarnandini@misra.org,32,No,0
ORD1350,18-03-2026,24-03-2026,CUST215,Peter Chakrabarti,Corporate,PROD810,Cooking Oil,Grocery,West,Punjab,Bhilai,3,11343,0,34029,26942.09,7086.91,Credit Card,Cancelled,Chana-Ranganathan,lakshmipatla@hayre.com,5,Yes,49
ORD1351,8/5/2026,8/9/2026,CUST861,Pranit Raja,Consumer,PROD930,Office Chairs,Furniture,West,Haryana,Nagpur,10,13829,5,131375.5,80211.68,51163.82,UPI,Returned,Swamy LLC,danielnayar@goyal.org,1,Yes,50
ORD1352,3/3/2024,3/6/2024,CUST366,Dayita Chadha,Corporate,PROD649,Cooking Oil,Grocery,South,Karnataka,Erode,5,660,0,3300,1761.25,1538.75,Net Banking,Pending,Nagy Group,vagarwal@thakkar-khare.info,46,No,0
ORD1353,24-09-2025,27-09-2025,CUST595,Nidhi Anand,Consumer,PROD307,File Folder,Office Supplies,East,Tripura,Yamunanagar,3,3735,20,8964,4754.84,4209.16,Cash,Cancelled,Hari-Ramesh,raosaumya@ganesan.com,22,No,0
ORD1354,9/12/2025,14-09-2025,CUST227,Pooja Sathe,Consumer,PROD409,Study Table,Furniture,East,Chhattisgarh,Proddatur,8,11384,10,81964.8,24624.11,57340.69,UPI,Pending,Memon-Malhotra,chandani63@sodhi.biz,5,Yes,34
ORD1355,23-07-2026,25-07-2026,CUST409,Mohammed Ranganathan,Home Office,PROD553,Cooking Oil,Grocery,South,Himachal Pradesh,Alwar,4,12105,10,43578,29938.66,13639.34,Net Banking,Cancelled,Mangal-Datta,balvanseshadri@mutti.com,26,No,0
ORD1356,19-10-2025,24-10-2025,CUST263,Darsh Prakash,Corporate,PROD386,Rice Bag,Grocery,North,Karnataka,Belgaum,1,7096,15,6031.6,4258.98,1772.62,Credit Card,Delivered,Balasubramanian Inc,qbuch@chakrabarti.com,34,No,0
ORD1357,23-02-2025,26-02-2025,CUST979,Isaac Patil,Consumer,PROD764,Notebook,Office Supplies,West,Bihar,Indore,8,14198,15,96546.4,60126.71,36419.69,UPI,Cancelled,"Shankar, Thakur and Nayak",lekhamenon@bhardwaj.com,20,No,0
ORD1358,26-11-2025,27-11-2025,CUST605,Azad Jayaraman,Corporate,PROD124,Headphones,Electronics,South,Tamil Nadu,Silchar,4,9200,0,36800,20698.68,16101.32,Cash,Pending,Rau PLC,varugheserushil@rana.com,50,No,0
ORD1359,6/3/2025,6/10/2025,CUST216,Lajita Kata,Consumer,PROD352,Calculator,Office Supplies,West,Himachal Pradesh,Erode,1,10121,15,8602.85,5131.63,3471.22,Net Banking,Delivered,Atwal-Arora,ubedi@mahajan.com,20,No,0
ORD1360,21-09-2024,24-09-2024,CUST354,Krishna Raju,Corporate,PROD216,Study Table,Furniture,North,Bihar,Dewas,2,1941,0,3882,2522.41,1359.59,Cash,Pending,Balasubramanian Ltd,udyati80@buch.com,37,No,0
ORD1361,23-12-2023,30-12-2023,CUST754,Zinal Sahni,Consumer,PROD733,Office Chairs,Furniture,East,Telangana,Khandwa,1,10974,5,10425.3,3248.91,7176.39,Credit Card,Pending,Choudhury-Walia,edivan@deo.net,6,Yes,42
ORD1362,15-12-2024,18-12-2024,CUST855,Vidhi Basak,Home Office,PROD257,Laptop,Electronics,North,Meghalaya,Nagercoil,5,10118,20,40472,25008.25,15463.75,Net Banking,Pending,Johal PLC,upkaarbandi@yadav-nair.net,8,Yes,38
ORD1363,4/1/2024,4/7/2024,CUST721,Arya Balasubramanian,Corporate,PROD904,File Folder,Office Supplies,West,Haryana,Raurkela Industrial Township,4,6984,0,27936,9283.81,18652.19,Credit Card,Delivered,Khatri Inc,ishitaminhas@madan.org,27,No,0
ORD1364,17-04-2025,22-04-2025,CUST394,Arunima Nazareth,Corporate,PROD178,Headphones,Electronics,West,Madhya Pradesh,Orai,10,3576,15,30396,10342.94,20053.06,Cash,Pending,Srinivas and Sons,kamya62@dhar.net,14,No,0
ORD1365,17-07-2026,23-07-2026,CUST359,Ansh Kota,Corporate,PROD565,Rice Bag,Grocery,West,Kerala,Karimnagar,8,13040,10,93888,43206.41,50681.59,Cash,Returned,Bose-Tailor,mshankar@varghese.com,12,No,0
ORD1366,18-10-2024,25-10-2024,CUST956,Daniel Majumdar,Consumer,PROD264,Headphones,Electronics,East,Haryana,Gangtok,5,6510,15,27667.5,14009.13,13658.37,Credit Card,Returned,"Rajan, Vyas and Gaba",jmitra@ratta-varkey.org,30,No,0
ORD1367,22-07-2024,27-07-2024,CUST777,Henry Sampath,Consumer,PROD160,Notebook,Office Supplies,West,Odisha,Tenali,7,5034,15,29952.3,16545.73,13406.57,Net Banking,Pending,"Tailor, Narayanan and Rajagopal",yagneshwali@chaudry.info,31,No,0
ORD1368,19-09-2025,26-09-2025,CUST633,Radha Grover,Corporate,PROD256,File Folder,Office Supplies,South,Tamil Nadu,Singrauli,5,5162,20,20648,8126.03,12521.97,Credit Card,Delivered,"Kannan, Deo and Bhatnagar",azad44@raju.biz,35,No,0
ORD1369,27-07-2024,31-07-2024,CUST654,Netra Sibal,Home Office,PROD224,Rice Bag,Grocery,East,Punjab,Anantapur,2,5829,15,9909.3,5476.6,4432.7,Net Banking,Returned,"Nanda, Pathak and Dhawan",ramachandranazaan@krishna.com,1,Yes,21
ORD1370,28-09-2023,10/5/2023,CUST554,Lekha Iyer,Consumer,PROD132,File Folder,Office Supplies,West,Kerala,Udaipur,1,1016,15,863.6,440.55,423.05,Cash,Returned,"Dayal, Bhardwaj and Muni",warinder78@magar.com,18,No,0
ORD1371,28-08-2023,9/3/2023,CUST293,Xavier Halder,Home Office,PROD454,Study Table,Furniture,West,Bihar,Karimnagar,4,11585,5,44023,26834.56,17188.44,Cash,Delivered,Zachariah-Ray,menonharsh@sarin.org,0,Yes,50
ORD1372,25-10-2024,26-10-2024,CUST935,Amrita Chakraborty,Corporate,PROD930,File Folder,Office Supplies,West,Arunachal Pradesh,Amaravati,3,6743,15,17194.65,5619.42,11575.23,Credit Card,Pending,Kaul and Sons,gabaharinakshi@trivedi.biz,48,No,0
ORD1373,10/2/2025,10/6/2025,CUST723,Bhavini Chakraborty,Consumer,PROD749,Dining Table,Furniture,West,Mizoram,Phagwara,4,9092,5,34549.6,21569.33,12980.27,Net Banking,Delivered,Thakkar Inc,uwarrior@raval-saran.net,8,Yes,40
ORD1374,15-06-2024,17-06-2024,CUST166,Upadhriti Bal,Consumer,PROD992,Cooking Oil,Grocery,East,Rajasthan,Orai,7,3335,20,18676,12843.19,5832.81,Net Banking,Cancelled,"Menon, Chand and Khalsa",upasna06@atwal.com,5,Yes,35
ORD1375,30-08-2023,31-08-2023,CUST551,Ucchal Modi,Consumer,PROD361,Headphones,Electronics,East,Assam,Kolhapur,9,9462,0,85158,42091.96,43066.04,Net Banking,Cancelled,Misra Ltd,koak@kari.com,35,No,0
ORD1376,18-10-2024,20-10-2024,CUST255,Watika Parekh,Home Office,PROD825,Stapler,Office Supplies,West,Bihar,Sultan Pur Majra,7,10165,5,67597.25,39356.39,28240.86,Net Banking,Pending,Dhar and Sons,netraloyal@rajagopal.com,36,No,0
ORD1377,30-12-2024,1/5/2025,CUST212,Anusha Raval,Consumer,PROD479,Cooking Oil,Grocery,East,Kerala,Ranchi,2,13970,10,25146,15473.4,9672.6,Net Banking,Delivered,Yohannan-Madan,fchadha@raj.com,6,Yes,37
ORD1378,3/1/2026,3/4/2026,CUST122,Yug Mitra,Corporate,PROD881,Mouse,Electronics,South,West Bengal,Kollam,10,1919,0,19190,7988.28,11201.72,UPI,Returned,Mammen Group,bhargavaojas@jayaraman.net,32,No,0
ORD1379,31-05-2024,6/6/2024,CUST782,Upma Toor,Home Office,PROD549,Rice Bag,Grocery,South,Uttarakhand,Bulandshahr,1,13797,20,11037.6,3726.84,7310.76,Cash,Pending,Bera Group,yparikh@golla-bera.com,19,No,0
ORD1380,22-11-2023,28-11-2023,CUST456,Gunbir Dube,Corporate,PROD795,Dining Table,Furniture,North,Sikkim,Jodhpur,6,10403,5,59297.1,26394.65,32902.45,Cash,Cancelled,"Hayre, Baria and Ghosh",ekbal69@brar-bal.com,17,No,0
ORD1381,28-04-2026,5/1/2026,CUST463,Lakshmi Lanka,Home Office,PROD196,Laptop,Electronics,West,West Bengal,Amravati,10,5010,20,40080,15910.88,24169.12,Net Banking,Cancelled,Wason-Saha,upasnamerchant@bajwa.biz,7,Yes,20
ORD1382,10/5/2023,10/8/2023,CUST568,Abha Konda,Consumer,PROD578,Cooking Oil,Grocery,East,Meghalaya,Ambattur,9,14707,5,125744.85,74922.47,50822.38,Credit Card,Returned,Dewan-Puri,jrai@dalal.com,23,No,0
ORD1383,10/9/2023,14-10-2023,CUST458,Orinder Sane,Consumer,PROD847,Sofa,Furniture,West,Punjab,Serampore,1,3562,10,3205.8,1724.75,1481.05,Cash,Pending,Lall-Date,vrout@thakkar.biz,26,No,0
ORD1384,2/1/2024,2/3/2024,CUST638,Zashil Sanghvi,Home Office,PROD154,Monitor,Electronics,East,Rajasthan,Anand,5,14234,0,71170,44366.22,26803.78,Credit Card,Delivered,Wable and Sons,charchameli@narayan.net,5,Yes,23
ORD1385,31-08-2023,9/6/2023,CUST911,Wyatt Dugar,Home Office,PROD331,Stapler,Office Supplies,North,Goa,Mumbai,7,10939,5,72744.35,32516.8,40227.55,UPI,Pending,"Devi, Srivastava and Deshpande",rushil20@gokhale-bala.com,45,No,0
ORD1386,31-03-2024,4/6/2024,CUST698,Hritik Sant,Consumer,PROD856,Pen,Office Supplies,West,Mizoram,Unnao,7,4797,10,30221.1,13157.3,17063.8,Net Banking,Pending,"Sengupta, Rege and De",david84@natarajan.org,27,No,0
ORD1387,13-12-2025,16-12-2025,CUST629,Lucky Kata,Corporate,PROD759,Stapler,Office Supplies,South,Arunachal Pradesh,Udupi,2,14855,5,28224.5,11470.27,16754.23,Credit Card,Cancelled,Thakur PLC,faras48@bora-bumb.org,1,Yes,39
ORD1388,28-01-2024,31-01-2024,CUST646,Guneet Mander,Corporate,PROD302,Calculator,Office Supplies,East,Arunachal Pradesh,Indore,2,13468,10,24242.4,9071.52,15170.88,UPI,Returned,Borde-Nigam,jjha@vora.com,47,No,0
ORD1389,7/8/2025,7/10/2025,CUST170,Urishilla Bhat,Home Office,PROD964,Notebook,Office Supplies,East,Karnataka,Saharanpur,4,5236,5,19896.8,11179.22,8717.58,UPI,Cancelled,Minhas-Oak,jagviramakrishnan@bera.com,0,Yes,37
ORD1390,30-06-2024,7/7/2024,CUST871,Aadi Palla,Home Office,PROD777,Rice Bag,Grocery,North,Uttarakhand,Udaipur,7,268,10,1688.4,797.42,890.98,Cash,Pending,Pandit LLC,netraahluwalia@sarin.biz,37,No,0
ORD1391,30-04-2025,5/6/2025,CUST782,Christopher Thakur,Home Office,PROD277,Study Table,Furniture,South,Chhattisgarh,Warangal,5,2643,0,13215,9667.23,3547.77,Net Banking,Delivered,Bandi and Sons,warhi93@pingle.com,47,No,0
ORD1392,9/11/2024,15-09-2024,CUST846,Vanya Varkey,Consumer,PROD836,Laptop,Electronics,North,Goa,Chittoor,4,6526,10,23493.6,14084.86,9408.74,Cash,Pending,Dayal-Bobal,modinathan@merchant.org,26,No,0
ORD1393,22-02-2025,24-02-2025,CUST787,Wriddhish Chadha,Consumer,PROD911,Study Table,Furniture,North,Meghalaya,Vijayanagaram,6,10458,20,50198.4,36553.21,13645.19,Cash,Pending,"Mohanty, Saran and Rattan",balvan66@munshi-trivedi.com,25,No,0
ORD1394,30-10-2023,11/2/2023,CUST431,Jalsa Rattan,Home Office,PROD266,Study Table,Furniture,East,Manipur,Howrah,9,5499,0,49491,18944.46,30546.54,Cash,Cancelled,Oommen PLC,fchada@biswas.com,9,Yes,26
ORD1395,11/9/2024,13-11-2024,CUST371,Samuel Oza,Consumer,PROD297,Keyboard,Electronics,West,West Bengal,Vadodara,2,1165,20,1864,808.65,1055.35,Credit Card,Pending,Kurian Ltd,garavedhika@basu-deshmukh.org,24,No,0
ORD1396,11/5/2024,11/7/2024,CUST235,Henry Muni,Consumer,PROD994,Study Table,Furniture,North,Bihar,Ghaziabad,6,996,15,5079.6,1790.68,3288.92,UPI,Pending,"Tella, Bhargava and Oza",mahikabala@sankar.com,21,No,0
ORD1397,1/9/2026,15-01-2026,CUST250,Sara Oak,Home Office,PROD292,Laptop,Electronics,North,Uttar Pradesh,Saharsa,8,12769,20,81721.6,49626.51,32095.09,UPI,Pending,"Malhotra, Saini and Andra",iswaminathan@mitra.net,3,Yes,28
ORD1398,15-07-2026,20-07-2026,CUST111,Yadavi Swamy,Home Office,PROD670,Calculator,Office Supplies,East,West Bengal,Aurangabad,4,14190,5,53922,28324.79,25597.21,Credit Card,Delivered,Gandhi-Tandon,pandyatamanna@bhat.com,44,No,0
ORD1399,10/4/2023,10/11/2023,CUST358,Oliver Bhalla,Consumer,PROD771,Cooking Oil,Grocery,North,Haryana,Kottayam,6,9004,20,43219.2,17768.45,25450.75,Net Banking,Delivered,Nagi-Pandya,krishnamason@savant.com,41,No,0
ORD1400,8/9/2025,16-08-2025,CUST194,Niharika Saran,Home Office,PROD933,Study Table,Furniture,East,Tamil Nadu,Gopalpur,7,2891,0,20237,12934.71,7302.29,Cash,Delivered,"Pau, Mistry and Wason",wdeol@hayer.net,40,No,0
ORD1401,29-03-2025,4/4/2025,CUST536,Rachana Cheema,Corporate,PROD645,Headphones,Electronics,West,Arunachal Pradesh,Rourkela,5,8216,0,41080,14311.69,26768.31,UPI,Delivered,"Walla, Kara and Kant",ridhi07@parekh.com,49,No,0
ORD1402,1/8/2024,1/12/2024,CUST420,Faraj Palla,Home Office,PROD624,Stapler,Office Supplies,North,Rajasthan,Bhimavaram,3,2638,5,7518.3,4571.11,2947.19,Cash,Pending,Kurian PLC,pbobal@bhargava.net,23,No,0
ORD1403,23-11-2023,25-11-2023,CUST306,Mekhala Chaudhry,Home Office,PROD331,Mouse,Electronics,West,Sikkim,Solapur,9,1414,0,12726,10170.55,2555.45,Cash,Returned,Bora PLC,nsolanki@agate-chowdhury.com,17,No,0
ORD1404,15-07-2026,21-07-2026,CUST468,Zehaan Mohanty,Home Office,PROD345,Cooking Oil,Grocery,West,Telangana,Sikar,6,3569,10,19272.6,11494.74,7777.86,Cash,Pending,"Kala, Nagi and Kibe",eshana38@apte-pandit.com,29,No,0
ORD1405,28-03-2026,30-03-2026,CUST378,Banjeet Bhatt,Consumer,PROD581,Monitor,Electronics,East,Sikkim,Jammu,4,10291,15,34989.4,15150.4,19839,Net Banking,Pending,Misra Ltd,amitra@sarna.com,0,Yes,38
ORD1406,20-11-2023,22-11-2023,CUST786,Megha Bobal,Corporate,PROD277,Mouse,Electronics,North,Nagaland,Ahmednagar,4,1332,0,5328,3768.95,1559.05,UPI,Returned,Dixit PLC,oliver35@raman.com,24,No,0
ORD1407,26-01-2024,29-01-2024,CUST792,Yamini Dugal,Corporate,PROD866,Rice Bag,Grocery,East,Tripura,Bokaro,6,11608,0,69648,46332.43,23315.57,Net Banking,Delivered,"Sama, Acharya and Thakur",rehaanprabhakar@sunder-iyengar.net,47,No,0
ORD1408,7/4/2024,7/11/2024,CUST204,Nitara Walia,Home Office,PROD354,Office Chairs,Furniture,North,Mizoram,Burhanpur,4,11624,0,46496,24168.99,22327.01,Net Banking,Cancelled,"Nanda, Muni and Chana",bbahl@dass.com,50,No,0
ORD1409,18-10-2024,22-10-2024,CUST302,Yadavi Soni,Home Office,PROD653,Rice Bag,Grocery,North,Meghalaya,Anantapuram,3,5017,0,15051,8900.75,6150.25,UPI,Returned,Rastogi-Halder,rajatadua@magar-raval.biz,26,No,0
ORD1410,14-04-2025,15-04-2025,CUST654,Aashi Bhat,Corporate,PROD574,Dining Table,Furniture,East,Jharkhand,Anand,7,3104,10,19555.2,11525.71,8029.49,Net Banking,Delivered,Lalla-Kadakia,basakchaaya@apte.com,41,No,0
ORD1411,17-12-2023,23-12-2023,CUST392,Faras Kala,Corporate,PROD631,Office Chairs,Furniture,North,Haryana,Hubli–Dharwad,1,2430,15,2065.5,1125,940.5,Net Banking,Delivered,"Sarin, Kata and Chandra",wthaman@dalal-sanghvi.com,13,No,0
ORD1412,23-02-2024,3/1/2024,CUST956,Ekanta Krishna,Consumer,PROD869,Rice Bag,Grocery,East,Madhya Pradesh,Bareilly,4,3330,15,11322,7893.71,3428.29,Cash,Cancelled,Minhas-Butala,nsandhu@chandran.org,40,No,0
ORD1413,11/9/2024,15-11-2024,CUST819,Darika Kothari,Corporate,PROD633,Bookshelf,Furniture,South,Tripura,Madanapalle,8,4290,0,34320,19323.33,14996.67,Credit Card,Delivered,Tara PLC,anmol94@yohannan-gandhi.com,37,No,0
ORD1414,4/5/2024,4/6/2024,CUST352,Naksh Chandran,Consumer,PROD339,Rice Bag,Grocery,South,Bihar,Kolhapur,1,3548,20,2838.4,2131.24,707.16,Credit Card,Cancelled,"Sastry, Chaudhary and Devan",devanrushil@chauhan-dutta.org,6,Yes,25
ORD1415,16-02-2025,23-02-2025,CUST891,Maya Prakash,Home Office,PROD917,Rice Bag,Grocery,West,Maharashtra,Narasaraopet,2,10780,15,18326,9878.81,8447.19,Net Banking,Cancelled,Dora-Dani,qlala@gera.com,13,No,0
ORD1416,10/1/2025,10/4/2025,CUST904,Bhavini Ramanathan,Home Office,PROD477,Cooking Oil,Grocery,West,Assam,Motihari,9,898,15,6869.7,3631.29,3238.41,UPI,Returned,Dhingra PLC,jatin76@peri-pai.org,2,Yes,42
ORD1417,16-01-2025,19-01-2025,CUST776,Ekantika Kant,Corporate,PROD929,Laptop,Electronics,East,Bihar,Pondicherry,2,3262,5,6197.8,4888.99,1308.81,UPI,Returned,"Goyal, Ghosh and Taneja",abeerwarrior@sawhney-nayak.com,23,No,0
ORD1418,13-10-2024,17-10-2024,CUST916,Ekantika Saini,Consumer,PROD270,Sofa,Furniture,West,Sikkim,Alappuzha,8,10168,20,65075.2,40864.77,24210.43,UPI,Cancelled,"Dasgupta, Dyal and Bhatia",rehaan65@bahri.com,2,Yes,23
ORD1419,11/1/2023,11/2/2023,CUST107,Ekantika Chaudhary,Home Office,PROD336,Calculator,Office Supplies,West,Assam,Noida,6,3786,0,22716,14587.81,8128.19,Net Banking,Pending,Kapoor-Deo,psethi@mann.com,14,No,0
ORD1420,3/9/2025,16-03-2025,CUST486,Chameli Chand,Corporate,PROD893,Keyboard,Electronics,North,Punjab,Kollam,1,4285,10,3856.5,2939.71,916.79,Net Banking,Pending,Sahota Ltd,vivaan00@pant.info,15,No,0
ORD1421,10/10/2024,15-10-2024,CUST418,Frederick Keer,Consumer,PROD824,Pen,Office Supplies,East,Maharashtra,Sangli-Miraj & Kupwad,2,6576,20,10521.6,7978.36,2543.24,Cash,Pending,Agarwal Group,ssem@solanki-kar.com,50,No,0
ORD1422,24-06-2025,29-06-2025,CUST258,Warda Dugar,Home Office,PROD419,Sofa,Furniture,North,Maharashtra,Patiala,7,9352,10,58917.6,26806.1,32111.5,Net Banking,Returned,Bains PLC,mayaagate@dhar.com,23,No,0
ORD1423,17-02-2026,24-02-2026,CUST783,Saumya Ravel,Consumer,PROD848,File Folder,Office Supplies,East,Manipur,Kolkata,1,14474,15,12302.9,9585.83,2717.07,UPI,Pending,Shah-Roy,bhatedhitha@padmanabhan.com,45,No,0
ORD1424,24-05-2025,29-05-2025,CUST176,Ekantika Mistry,Home Office,PROD880,Cooking Oil,Grocery,North,Nagaland,Farrukhabad,5,7293,0,36465,27985.75,8479.25,Net Banking,Delivered,Datta and Sons,lbrar@badami.com,19,No,0
ORD1425,25-03-2026,27-03-2026,CUST353,Advika Khatri,Home Office,PROD431,Monitor,Electronics,North,Gujarat,Aurangabad,10,2320,0,23200,7973.04,15226.96,Credit Card,Delivered,Yadav-Dar,naveentrivedi@banik-goswami.com,34,No,0
ORD1426,25-11-2023,12/1/2023,CUST355,Ishaan Panchal,Corporate,PROD688,Headphones,Electronics,West,Nagaland,Guna,10,2431,15,20663.5,16085.46,4578.04,Credit Card,Returned,Ramachandran-Bail,jagdishsubramanian@shroff-buch.com,40,No,0
ORD1427,29-10-2023,11/2/2023,CUST531,Dayamai De,Home Office,PROD589,File Folder,Office Supplies,North,Arunachal Pradesh,Kumbakonam,4,9387,20,30038.4,23554.9,6483.5,Credit Card,Returned,Mittal-Lall,ypant@baral.biz,5,Yes,32
ORD1428,5/10/2025,13-05-2025,CUST870,Krishna Srinivas,Corporate,PROD874,File Folder,Office Supplies,South,West Bengal,Sambalpur,8,3886,5,29533.6,10005.72,19527.88,Credit Card,Returned,Kashyap-Rajan,ranveer41@wason-varma.com,46,No,0
ORD1429,21-07-2025,23-07-2025,CUST447,Vrishti Talwar,Corporate,PROD570,Rice Bag,Grocery,South,Andhra Pradesh,Ghaziabad,1,13598,20,10878.4,5494.64,5383.76,Cash,Pending,Kar-Mody,zsahni@loke.com,37,No,0
ORD1430,26-12-2024,28-12-2024,CUST529,Hitesh Pal,Corporate,PROD541,Headphones,Electronics,South,Nagaland,Delhi,3,5985,15,15261.75,10367.81,4893.94,Cash,Pending,Prakash-Seth,alexander05@chaudhary.com,5,Yes,27
ORD1431,9/8/2025,13-09-2025,CUST455,Frederick Shukla,Consumer,PROD659,Cooking Oil,Grocery,South,Punjab,Kamarhati,7,7214,15,42923.3,13629.26,29294.04,Cash,Delivered,Barad and Sons,yadaviparmer@borah.com,26,No,0
ORD1432,31-08-2025,9/3/2025,CUST343,Lekha Gole,Consumer,PROD871,Cooking Oil,Grocery,South,Maharashtra,Nadiad,5,8456,10,38052,18730.78,19321.22,Cash,Pending,"Krishna, Pandey and Nayak",ojasvi77@rai.com,25,No,0
ORD1433,7/11/2025,7/12/2025,CUST710,Vincent Tella,Corporate,PROD503,Office Chairs,Furniture,West,Sikkim,Loni,8,8137,5,61841.2,22779.4,39061.8,Cash,Pending,"Mahajan, Ganesh and Pillay",rachita78@sandal.info,32,No,0
ORD1434,7/1/2026,7/7/2026,CUST856,Nicholas Chhabra,Corporate,PROD464,Laptop,Electronics,East,Chhattisgarh,Unnao,8,7978,15,54250.4,25981.39,28269.01,Credit Card,Returned,Bhat-Mohan,panini52@bahl.net,18,No,0
ORD1435,20-09-2023,27-09-2023,CUST230,Tamanna Narula,Consumer,PROD506,Pen,Office Supplies,East,Mizoram,Tumkur,1,7504,20,6003.2,3673.4,2329.8,UPI,Returned,Kumar-Bhatt,manderisaiah@kaur-mallick.biz,22,No,0
ORD1436,23-11-2024,29-11-2024,CUST238,Arin Ratta,Consumer,PROD117,Headphones,Electronics,North,Bihar,Kalyan-Dombivli,1,3719,15,3161.15,967.81,2193.34,Credit Card,Delivered,Sampath-Rajan,kamalamitra@sheth.com,21,No,0
ORD1437,11/4/2024,11/5/2024,CUST266,Krisha Mani,Consumer,PROD735,Cooking Oil,Grocery,West,Madhya Pradesh,Bharatpur,3,8497,10,22941.9,14606.34,8335.56,Credit Card,Delivered,Menon Group,narulaekansh@chada-dhar.org,29,No,0
ORD1438,15-03-2025,18-03-2025,CUST460,Karan Chandran,Consumer,PROD587,Headphones,Electronics,East,Bihar,Anantapur,4,2487,15,8455.8,4614.88,3840.92,Net Banking,Delivered,Soni Ltd,rajagopalpratyush@puri.com,37,No,0
ORD1439,28-08-2023,29-08-2023,CUST464,Xalak Iyengar,Corporate,PROD400,Cooking Oil,Grocery,East,Bihar,Nellore,1,10314,15,8766.9,3040.66,5726.24,Cash,Returned,Sur and Sons,dugalria@barad.org,19,No,0
ORD1440,10/9/2024,16-10-2024,CUST483,Balveer Chaudhuri,Corporate,PROD318,Bookshelf,Furniture,South,Gujarat,Raipur,1,613,10,551.7,226.42,325.28,UPI,Cancelled,"Madan, Pant and Bobal",anushakaur@balay.com,50,No,0
ORD1441,24-12-2024,30-12-2024,CUST570,Ishanvi Muni,Corporate,PROD259,Study Table,Furniture,South,Andhra Pradesh,Kalyan-Dombivli,2,2662,5,5057.8,2628.09,2429.71,UPI,Returned,Chandra Inc,fmuni@yohannan-bir.com,20,No,0
ORD1442,2/6/2025,2/8/2025,CUST966,Akshay Bhatti,Corporate,PROD305,Laptop,Electronics,South,Manipur,Medininagar,8,13318,15,90562.4,53482.64,37079.76,Net Banking,Pending,Srinivas-Borah,somdarika@mahal-thakkar.org,45,No,0
ORD1443,21-03-2026,27-03-2026,CUST207,Praneel Setty,Consumer,PROD405,Sofa,Furniture,South,West Bengal,Imphal,3,11041,5,31466.85,10584.99,20881.86,Cash,Delivered,Arora Ltd,purivarsha@chanda-rout.com,38,No,0
ORD1444,10/1/2025,10/4/2025,CUST752,Amaira Bhatia,Consumer,PROD585,Dining Table,Furniture,East,Haryana,Darbhanga,9,2028,0,18252,9757.1,8494.9,Cash,Returned,Hayer-Naidu,vmohan@chanda.com,19,No,0
ORD1445,16-08-2025,18-08-2025,CUST842,Rehaan Roy,Corporate,PROD659,Calculator,Office Supplies,East,Assam,Ahmedabad,9,279,10,2259.9,1615.51,644.39,Net Banking,Cancelled,Ramaswamy-Kuruvilla,vasatika05@bumb-magar.com,8,Yes,27
ORD1446,3/1/2025,3/3/2025,CUST650,Anusha Sangha,Corporate,PROD748,Monitor,Electronics,West,Bihar,Tenali,4,8390,5,31882,18751.1,13130.9,Cash,Returned,Sarma-Chaudhry,bhavanishankar@pandya.com,24,No,0
ORD1447,16-11-2023,22-11-2023,CUST677,Anjali Khalsa,Consumer,PROD938,Bookshelf,Furniture,West,Uttarakhand,Chinsurah,6,11291,20,54196.8,19356.96,34839.84,Net Banking,Pending,Chakraborty-Krishna,zaidsabharwal@bhargava-amble.com,41,No,0
ORD1448,1/3/2025,1/5/2025,CUST771,Chaitanya Mane,Consumer,PROD453,Laptop,Electronics,East,Uttar Pradesh,Secunderabad,7,503,20,2816.8,1355.6,1461.2,Cash,Returned,Mukherjee-Jha,jnaik@bala.org,15,No,0
ORD1449,11/6/2025,11/10/2025,CUST685,Aditya Srinivasan,Consumer,PROD116,File Folder,Office Supplies,East,Arunachal Pradesh,Aurangabad,1,7230,0,7230,5568.98,1661.02,Net Banking,Delivered,Mutti Ltd,jairajaggarwal@yogi.info,17,No,0
ORD1450,1/6/2026,1/10/2026,CUST370,Akshay Nair,Consumer,PROD377,Cooking Oil,Grocery,South,Mizoram,Kolkata,6,4925,5,28072.5,14528.94,13543.56,Credit Card,Cancelled,Arya-Ganesan,prishadevi@ramachandran-khare.com,22,No,0
ORD1451,13-02-2024,19-02-2024,CUST423,Zayan Dash,Home Office,PROD486,Pen,Office Supplies,South,Uttarakhand,Bellary,3,3090,10,8343,3468.5,4874.5,Net Banking,Pending,"Devan, Vyas and Sahota",radhikakalla@chadha.com,50,No,0
ORD1452,19-11-2024,21-11-2024,CUST994,Yashvi Nayar,Corporate,PROD529,Monitor,Electronics,North,West Bengal,Baranagar,2,588,15,999.6,702.84,296.76,Cash,Delivered,"Walia, Kamdar and Arora",kashvisarna@edwin.biz,26,No,0
ORD1453,12/12/2024,14-12-2024,CUST894,Wazir Chad,Corporate,PROD245,Calculator,Office Supplies,East,Himachal Pradesh,Sasaram,4,504,5,1915.2,1243.07,672.13,UPI,Cancelled,Keer-Bhatti,dasranbir@chaudhari-joshi.net,31,No,0
ORD1454,18-03-2024,20-03-2024,CUST583,Vaishnavi Gulati,Home Office,PROD673,Notebook,Office Supplies,West,Haryana,Bhusawal,7,2022,15,12030.9,7489.06,4541.84,Net Banking,Returned,Mahal Ltd,brijesh00@khatri.info,29,No,0
ORD1455,6/6/2026,6/11/2026,CUST328,Ishani Gara,Home Office,PROD991,Rice Bag,Grocery,North,Karnataka,Hyderabad,7,2697,10,16991.1,5165.16,11825.94,Cash,Pending,"Ray, Balan and Dar",avni31@hari.com,25,No,0
ORD1456,29-08-2025,9/1/2025,CUST776,Harita Wagle,Consumer,PROD116,Pen,Office Supplies,West,Gujarat,Sonipat,7,8972,10,56523.6,34022.49,22501.11,Credit Card,Delivered,Mannan and Sons,vom@oak.info,4,Yes,40
ORD1457,24-05-2025,29-05-2025,CUST121,Anamika Cheema,Corporate,PROD375,Cooking Oil,Grocery,North,Goa,Karnal,7,2911,5,19358.15,14938.32,4419.83,Credit Card,Delivered,"Ramachandran, Lal and Mann",chanchal31@bhatt.com,23,No,0
ORD1458,8/5/2026,8/9/2026,CUST545,Charvi Sastry,Corporate,PROD953,Stapler,Office Supplies,East,Jharkhand,Rajkot,6,7803,5,44477.1,25164.99,19312.11,UPI,Pending,"Verma, Yogi and Patla",ozamahika@tak-chander.biz,46,No,0
ORD1459,3/9/2024,13-03-2024,CUST454,Vamakshi Bhalla,Corporate,PROD726,Study Table,Furniture,South,Gujarat,Shimoga,6,6860,15,34986,14815.05,20170.95,Cash,Cancelled,Chadha-Chowdhury,aarav52@khurana.com,8,Yes,21
ORD1460,17-11-2024,23-11-2024,CUST811,Vedant Keer,Home Office,PROD565,Rice Bag,Grocery,South,Andhra Pradesh,Hapur,3,13784,0,41352,15407.76,25944.24,Credit Card,Pending,"Kade, Kala and Bhavsar",datwal@kannan.com,12,No,0
ORD1461,26-07-2024,28-07-2024,CUST325,Jagvi Karnik,Consumer,PROD120,Dining Table,Furniture,North,Jharkhand,Chinsurah,2,11073,10,19931.4,9967.13,9964.27,Cash,Returned,Som-Prabhakar,wazirgera@lalla-dube.info,28,No,0
ORD1462,25-10-2024,27-10-2024,CUST203,Vedant Edwin,Home Office,PROD286,Rice Bag,Grocery,West,Arunachal Pradesh,Ambala,7,4393,5,29213.45,12381.11,16832.34,UPI,Pending,"Gopal, Bhatti and Dhingra",hemalkaran@salvi.com,19,No,0
ORD1463,9/6/2025,9/11/2025,CUST946,Zansi Padmanabhan,Consumer,PROD224,Rice Bag,Grocery,West,Rajasthan,Delhi,10,2671,0,26710,15618.37,11091.63,Cash,Pending,Walia-Pillai,khannaayaan@hari.com,0,Yes,41
ORD1464,14-07-2026,18-07-2026,CUST563,Krishna Saini,Corporate,PROD884,Cooking Oil,Grocery,West,Uttarakhand,Raurkela Industrial Township,5,1748,0,8740,6267.12,2472.88,Cash,Cancelled,Shah-Dixit,deobina@mangal.com,14,No,0
ORD1465,9/11/2023,16-09-2023,CUST527,Ethan Issac,Consumer,PROD731,Study Table,Furniture,West,Telangana,Pali,6,1307,10,7057.8,3994.66,3063.14,Net Banking,Returned,Chahal Inc,riyadash@bakshi-wali.com,20,No,0
ORD1466,27-07-2026,8/3/2026,CUST869,Logan Kar,Home Office,PROD754,Rice Bag,Grocery,South,Himachal Pradesh,Malda,8,14168,20,90675.2,51921.57,38753.63,UPI,Delivered,Solanki-Sane,shererachana@kumer.com,31,No,0
ORD1467,2/3/2026,2/4/2026,CUST829,Ekavir Chander,Corporate,PROD179,Notebook,Office Supplies,West,Odisha,Miryalaguda,10,11727,15,99679.5,54055.95,45623.55,Credit Card,Pending,Murty and Sons,mallickrishi@oak.com,0,Yes,36
ORD1468,13-12-2023,18-12-2023,CUST728,Kiaan Wali,Corporate,PROD251,Notebook,Office Supplies,West,Arunachal Pradesh,Maheshtala,1,3599,0,3599,1086.19,2512.81,Cash,Pending,Mani PLC,zviswanathan@nadkarni.com,49,No,0
ORD1469,25-01-2025,2/1/2025,CUST539,Liam Parikh,Home Office,PROD247,Cooking Oil,Grocery,North,Manipur,Nagaon,2,13707,0,27414,14203.47,13210.53,Net Banking,Delivered,"Sahni, Srinivasan and Cheema",dsura@soni.com,48,No,0
ORD1470,9/8/2023,9/11/2023,CUST799,Teerth Kurian,Corporate,PROD710,Sofa,Furniture,North,Andhra Pradesh,Mahbubnagar,10,8329,10,74961,42688.89,32272.11,Credit Card,Delivered,Ranganathan-Gokhale,smutti@arora.com,8,Yes,20
ORD1471,23-03-2025,25-03-2025,CUST287,Vansha Bhalla,Home Office,PROD724,Sofa,Furniture,North,Himachal Pradesh,Etawah,8,10400,20,66560,53187.51,13372.49,Credit Card,Returned,Deep-Varty,tellavinaya@parsa-sheth.info,22,No,0
ORD1472,9/11/2024,16-09-2024,CUST313,Nakul Banerjee,Corporate,PROD137,Cooking Oil,Grocery,West,Maharashtra,Rajahmundry,9,1369,15,10472.85,5788.41,4684.44,Cash,Pending,Sankaran PLC,bachittarmore@mangat.com,48,No,0
ORD1473,29-10-2024,11/3/2024,CUST599,Keya Gill,Consumer,PROD675,Notebook,Office Supplies,West,Jharkhand,Tirupati,4,6308,15,21447.2,15684.3,5762.9,Credit Card,Pending,Datta-Hora,grattan@kohli-deol.com,11,No,0
ORD1474,22-03-2024,24-03-2024,CUST242,Girindra Pandey,Corporate,PROD235,Bookshelf,Furniture,East,West Bengal,Panvel,5,14561,15,61884.25,49344.26,12539.99,UPI,Returned,Gade and Sons,amrutaanand@seth.com,22,No,0
ORD1475,8/12/2024,13-08-2024,CUST492,Bhavani Bhatia,Consumer,PROD453,Sofa,Furniture,West,Gujarat,Bhubaneswar,4,7577,20,24246.4,17665.67,6580.73,Net Banking,Pending,Biswas PLC,kapoormahika@more-bhatti.org,47,No,0
ORD1476,3/6/2024,3/9/2024,CUST142,Nicholas Gola,Home Office,PROD808,Stapler,Office Supplies,East,Arunachal Pradesh,Suryapet,10,12889,5,122445.5,44823.34,77622.16,Cash,Delivered,Ravel-Mannan,regenidhi@manda.com,36,No,0
ORD1477,22-11-2025,27-11-2025,CUST602,Yashawini Bhattacharyya,Corporate,PROD721,Laptop,Electronics,South,Himachal Pradesh,Khammam,7,13710,0,95970,66959.31,29010.69,Net Banking,Returned,Sarraf Ltd,ochana@de-keer.com,10,No,0
ORD1478,12/11/2023,13-12-2023,CUST784,Faras Goswami,Consumer,PROD129,Notebook,Office Supplies,West,Tripura,Moradabad,8,14603,10,105141.6,42801.72,62339.88,Cash,Delivered,"Sahota, Shankar and Mannan",bavatriya@rajan-sengupta.com,36,No,0
ORD1479,23-09-2025,28-09-2025,CUST538,Girindra Devan,Consumer,PROD446,Keyboard,Electronics,East,Jharkhand,Sasaram,5,12806,10,57627,35943.84,21683.16,Cash,Returned,"Zacharia, Bansal and Thaker",mohantyonveer@acharya-datta.biz,44,No,0
ORD1480,6/1/2025,6/2/2025,CUST950,Hritik Sidhu,Corporate,PROD148,Monitor,Electronics,South,West Bengal,Bahraich,8,5270,20,33728,13143.06,20584.94,Net Banking,Cancelled,Vora-Chakraborty,anthony68@padmanabhan-zacharia.biz,15,No,0
ORD1481,4/6/2025,4/9/2025,CUST396,Banjeet Keer,Consumer,PROD786,Headphones,Electronics,West,Tripura,Raichur,6,14374,20,68995.2,36530.51,32464.69,Credit Card,Pending,Badami Group,tarak12@sawhney-loke.com,25,No,0
ORD1482,31-01-2024,2/3/2024,CUST240,Vasudha Barad,Consumer,PROD721,Office Chairs,Furniture,East,Haryana,Gudivada,7,7495,5,49841.75,24345.3,25496.45,Credit Card,Returned,Mistry Inc,vsalvi@mandal-sampath.com,48,No,0
ORD1483,16-09-2025,23-09-2025,CUST974,Ojasvi Karpe,Corporate,PROD189,Rice Bag,Grocery,West,Meghalaya,Kharagpur,9,12355,15,94515.75,42388.08,52127.67,Credit Card,Delivered,Deep-Gara,narayansarthak@shenoy-randhawa.com,15,No,0
ORD1484,9/7/2023,13-09-2023,CUST873,Isaac Nagar,Home Office,PROD656,Office Chairs,Furniture,South,Jharkhand,Belgaum,1,9081,0,9081,4428.5,4652.5,Cash,Cancelled,Venkataraman-Devi,daniaarush@sem-goyal.com,48,No,0
ORD1485,14-12-2024,21-12-2024,CUST969,Zilmil Lal,Consumer,PROD739,Keyboard,Electronics,North,Sikkim,Karimnagar,4,1518,15,5161.2,2675.95,2485.25,UPI,Returned,Lalla Ltd,yachana65@gulati-kota.net,42,No,0
ORD1486,21-09-2023,28-09-2023,CUST750,Oeshi Nagarajan,Consumer,PROD135,Stapler,Office Supplies,North,Meghalaya,Tinsukia,7,12739,10,80255.7,60812.65,19443.05,Cash,Cancelled,"Ramachandran, Upadhyay and Mann",joshuasinha@mitra.net,9,Yes,46
ORD1487,11/3/2025,11/7/2025,CUST228,Lekha Agarwal,Home Office,PROD775,Mouse,Electronics,West,Jharkhand,Sambhal,6,12265,10,66231,39650.51,26580.49,Net Banking,Cancelled,Varma Ltd,kapurjanya@talwar.biz,7,Yes,48
ORD1488,21-09-2024,27-09-2024,CUST385,Vihaan Mishra,Corporate,PROD843,Calculator,Office Supplies,West,West Bengal,Bidhannagar,3,2456,10,6631.2,4419.62,2211.58,Credit Card,Cancelled,"Toor, Rajan and Som",wacharya@hayre.com,50,No,0
ORD1489,30-07-2026,8/6/2026,CUST169,Irya Gokhale,Home Office,PROD894,Laptop,Electronics,East,Uttar Pradesh,Aurangabad,9,211,0,1899,1142.67,756.33,Credit Card,Delivered,"Gaba, Kakar and Batta",kadakiatanish@sengupta.info,29,No,0
ORD1490,3/10/2025,13-03-2025,CUST255,Anamika More,Corporate,PROD742,Monitor,Electronics,West,Karnataka,Bhiwandi,1,1452,10,1306.8,519.54,787.26,Credit Card,Delivered,Sani-Tata,frederick25@gulati.com,30,No,0
ORD1491,27-03-2026,4/2/2026,CUST882,Zaid Din,Home Office,PROD179,Headphones,Electronics,East,West Bengal,Mumbai,9,7744,20,55756.8,41886.04,13870.76,UPI,Returned,Balasubramanian-Mandal,oviya94@goel.net,35,No,0
ORD1492,2/2/2026,2/7/2026,CUST303,Hemal Balan,Consumer,PROD467,Monitor,Electronics,South,Jharkhand,Kottayam,7,8646,15,51443.7,23648.74,27794.96,Credit Card,Returned,Wali-Deshpande,bansalishanvi@kalla.info,9,Yes,23
ORD1493,17-09-2023,18-09-2023,CUST136,Yochana Kulkarni,Corporate,PROD232,Cooking Oil,Grocery,South,Maharashtra,Indore,9,11481,5,98162.55,30401.08,67761.47,Net Banking,Pending,"Deshmukh, Pau and Wali",girindramane@basak.com,23,No,0
ORD1494,6/6/2025,6/12/2025,CUST965,Hemal Peri,Corporate,PROD579,Office Chairs,Furniture,West,Punjab,Amravati,8,1675,20,10720,7311.13,3408.87,Cash,Pending,"Narayanan, Dube and Chakrabarti",haldergautami@setty.com,30,No,0
ORD1495,28-07-2026,29-07-2026,CUST264,Rachit Doshi,Consumer,PROD878,Notebook,Office Supplies,West,Sikkim,Barasat,5,7339,0,36695,24621.46,12073.54,Credit Card,Pending,"Singh, Raval and Pillay",darpan54@krishnan-buch.net,0,Yes,35
ORD1496,5/2/2024,5/9/2024,CUST853,Pavani Mukhopadhyay,Corporate,PROD695,Notebook,Office Supplies,West,Sikkim,Guwahati,2,3881,10,6985.8,3227.64,3758.16,Credit Card,Cancelled,Ranganathan-Ravi,keya30@bedi-sinha.com,29,No,0
ORD1497,16-08-2023,20-08-2023,CUST515,Yachana Setty,Home Office,PROD730,Keyboard,Electronics,North,Goa,Gopalpur,5,12645,15,53741.25,22278.16,31463.09,Cash,Cancelled,Hayer Group,gshan@gala-sane.com,4,Yes,39
ORD1498,2/5/2026,2/6/2026,CUST786,Gayathri Sankaran,Consumer,PROD593,Office Chairs,Furniture,South,Haryana,Phusro,10,2976,5,28272,15057.29,13214.71,Net Banking,Pending,Khare-Mukhopadhyay,mwalla@bose.com,23,No,0
ORD1499,27-02-2026,3/3/2026,CUST773,Gaurav Kapadia,Consumer,PROD622,Calculator,Office Supplies,South,Uttarakhand,Durgapur,9,2560,0,23040,12424.91,10615.09,Net Banking,Delivered,"Thakkar, De and Bhasin",gmorar@hari.com,34,No,0
ORD1500,29-12-2024,1/5/2025,CUST389,Yash Bhatti,Corporate,PROD420,Mouse,Electronics,South,Kerala,Tirupati,6,6259,20,30043.2,16723.13,13320.07,Net Banking,Pending,"Bajwa, Vyas and Swamy",mandalnaksh@soni-mody.com,15,No,0
ORD1501,11/10/2025,13-11-2025,CUST554,Vanya Kar,Consumer,PROD400,Stapler,Office Supplies,East,Manipur,Parbhani,10,3913,10,35217,20549.91,14667.09,Credit Card,Cancelled,Ray and Sons,kabir65@cheema.biz,19,No,0
ORD1502,10/9/2023,15-10-2023,CUST884,Ekantika Khatri,Consumer,PROD481,Rice Bag,Grocery,West,Uttar Pradesh,Katihar,2,7850,15,13345,4233.31,9111.69,Cash,Pending,Bahl-Gulati,ldewan@yohannan.info,43,No,0
ORD1503,27-03-2026,31-03-2026,CUST949,Samaksh Kari,Home Office,PROD533,Sofa,Furniture,East,Andhra Pradesh,Gandhidham,3,13838,15,35286.9,24755.91,10530.99,UPI,Delivered,Salvi-Shan,qushihegde@morar.biz,1,Yes,27
ORD1504,26-11-2023,28-11-2023,CUST881,Sanya Ahuja,Corporate,PROD243,Cooking Oil,Grocery,West,Telangana,Phagwara,6,4427,20,21249.6,15970.92,5278.68,Cash,Delivered,"Taneja, Bedi and Gera",iyersneha@dutta.info,30,No,0
ORD1505,30-01-2026,2/1/2026,CUST871,Qasim Deshpande,Corporate,PROD677,Laptop,Electronics,East,Karnataka,Nagaon,5,3631,20,14524,4717.16,9806.84,Net Banking,Cancelled,"Balay, Kannan and Shetty",tanveer52@lanka.net,10,No,0
ORD1506,7/5/2024,7/11/2024,CUST318,Jasmit Muni,Home Office,PROD289,Mouse,Electronics,South,Manipur,Kolhapur,7,12392,15,73732.4,51346.8,22385.6,UPI,Cancelled,"Goel, Kunda and Puri",elijah12@anand-dube.biz,8,Yes,38
ORD1507,8/5/2024,8/8/2024,CUST899,Jason Vohra,Consumer,PROD878,Office Chairs,Furniture,South,Meghalaya,Dibrugarh,4,12084,10,43502.4,23182.84,20319.56,Credit Card,Pending,Dhawan PLC,ldas@rege.com,24,No,0
ORD1508,2/3/2024,2/5/2024,CUST879,Zansi More,Corporate,PROD774,Headphones,Electronics,South,Chhattisgarh,Varanasi,1,7044,20,5635.2,3974.89,1660.31,Cash,Pending,"Jani, Banik and Gopal",isaiah67@trivedi.biz,20,No,0
ORD1509,14-05-2026,21-05-2026,CUST668,Gopal Virk,Home Office,PROD786,Calculator,Office Supplies,North,Manipur,Kalyan-Dombivli,7,11622,0,81354,45650.17,35703.83,Credit Card,Cancelled,Ramaswamy-Apte,leena04@biswas.org,22,No,0
ORD1510,9/2/2024,9/4/2024,CUST587,Lopa Mody,Consumer,PROD736,Bookshelf,Furniture,North,Karnataka,Thane,7,6418,5,42679.7,32415.45,10264.25,UPI,Returned,Mane-Dalal,qbhavsar@mittal-oak.com,34,No,0
ORD1511,14-12-2025,15-12-2025,CUST603,Ira Prabhu,Corporate,PROD647,Cooking Oil,Grocery,North,Telangana,Bhagalpur,9,1192,10,9655.2,7118.25,2536.95,UPI,Pending,Swaminathan-Shan,labannaik@chanda-batra.com,42,No,0
ORD1512,29-11-2024,12/6/2024,CUST115,Varenya Baral,Consumer,PROD634,Dining Table,Furniture,West,Uttarakhand,Rourkela,4,8143,20,26057.6,17475.09,8582.51,Credit Card,Pending,Vaidya and Sons,banikindira@agrawal.com,11,No,0
ORD1513,23-06-2024,24-06-2024,CUST552,Waida Kar,Home Office,PROD960,Keyboard,Electronics,West,Madhya Pradesh,Thiruvananthapuram,10,6666,10,59994,22021.87,37972.13,UPI,Cancelled,Balakrishnan and Sons,wyatt77@ramaswamy.biz,1,Yes,29
ORD1514,9/1/2023,9/8/2023,CUST125,Panini Issac,Corporate,PROD840,Keyboard,Electronics,West,Himachal Pradesh,Vijayanagaram,2,6416,0,12832,7883.55,4948.45,UPI,Returned,Peri Ltd,balendra59@hegde-keer.com,26,No,0
ORD1515,15-09-2023,16-09-2023,CUST440,Hemal Mitter,Corporate,PROD404,Notebook,Office Supplies,West,Himachal Pradesh,Arrah,8,1304,0,10432,7428.61,3003.39,UPI,Returned,Balay Group,jairajbumb@sankar-narula.com,4,Yes,26
ORD1516,19-10-2024,24-10-2024,CUST635,Bhanumati Sachar,Consumer,PROD525,Keyboard,Electronics,West,Tripura,Dindigul,1,14335,20,11468,5811.42,5656.58,Net Banking,Returned,Subramaniam-Som,chanaekanta@sandal.com,2,Yes,47
ORD1517,25-06-2025,26-06-2025,CUST514,Harish Natarajan,Corporate,PROD133,Laptop,Electronics,West,Bihar,Karnal,2,3718,10,6692.4,4264.68,2427.72,Cash,Delivered,Nagarajan Ltd,fissac@kumer.com,29,No,0
ORD1518,23-07-2024,27-07-2024,CUST229,Warinder Bassi,Consumer,PROD303,Notebook,Office Supplies,West,Himachal Pradesh,Jamalpur,1,10174,0,10174,4400.53,5773.47,Credit Card,Cancelled,"Barad, Lad and Verma",karankapur@ramachandran.com,30,No,0
ORD1519,27-01-2026,28-01-2026,CUST302,Aadi Pau,Consumer,PROD503,Laptop,Electronics,South,Meghalaya,Ujjain,7,4295,0,30065,20593.05,9471.95,Credit Card,Returned,Choudhry LLC,bina70@gill.biz,32,No,0
ORD1520,12/11/2024,12/12/2024,CUST221,Orinder Sachar,Corporate,PROD717,Office Chairs,Furniture,West,Sikkim,Tenali,3,3828,10,10335.6,4830.42,5505.18,Net Banking,Returned,"Dugar, Lal and Dutt",georgepant@mahajan-boase.info,24,No,0
ORD1521,11/7/2024,11/12/2024,CUST904,Yutika Gola,Home Office,PROD243,Headphones,Electronics,East,Sikkim,Anand,7,9732,0,68124,35751.47,32372.53,Credit Card,Returned,Sabharwal-Borra,zayyansaxena@bhardwaj.com,22,No,0
ORD1522,4/8/2025,4/9/2025,CUST325,Jason Pillay,Consumer,PROD633,Rice Bag,Grocery,South,Karnataka,Srikakulam,7,2048,15,12185.6,8511.34,3674.26,UPI,Cancelled,Mukhopadhyay Ltd,hpandya@das.com,48,No,0
ORD1523,13-09-2025,16-09-2025,CUST615,Ekapad Narayanan,Home Office,PROD224,Headphones,Electronics,North,Maharashtra,Asansol,10,5636,5,53542,39124.89,14417.11,UPI,Delivered,"Pandey, Nath and Halder",bansalbalveer@goyal.biz,27,No,0
ORD1524,15-04-2025,21-04-2025,CUST856,Vincent Mitra,Corporate,PROD681,Headphones,Electronics,West,Tamil Nadu,Saharanpur,6,14122,15,72022.2,54444.25,17577.95,Net Banking,Returned,"Andra, Kant and Palla",asahota@shere-walia.com,46,No,0
ORD1525,29-12-2025,1/3/2026,CUST278,Chatresh Edwin,Home Office,PROD419,Sofa,Furniture,South,Uttarakhand,Gurgaon,5,3031,0,15155,10058.4,5096.6,Net Banking,Delivered,Konda-Balay,karvansha@khalsa-randhawa.net,31,No,0
ORD1526,27-10-2024,31-10-2024,CUST450,Harita Varma,Consumer,PROD687,Monitor,Electronics,South,Madhya Pradesh,Gangtok,5,9471,0,47355,31089.39,16265.61,Credit Card,Delivered,Dewan Ltd,pmohanty@doshi.com,46,No,0
ORD1527,29-07-2026,8/3/2026,CUST985,Saumya Dalal,Corporate,PROD947,Pen,Office Supplies,West,Maharashtra,Guntakal,6,7762,15,39586.2,17834.98,21751.22,UPI,Cancelled,Anne Inc,ramakrishnanjeremiah@pathak.com,15,No,0
ORD1528,13-03-2026,17-03-2026,CUST389,Chavvi Sood,Corporate,PROD275,File Folder,Office Supplies,South,Kerala,Karawal Nagar,2,12369,5,23501.1,10647.68,12853.42,Credit Card,Pending,"Kulkarni, Sani and Shroff",jalsa65@kunda-kala.info,36,No,0
ORD1529,29-11-2025,12/6/2025,CUST864,Balendra Solanki,Consumer,PROD920,Stapler,Office Supplies,East,Himachal Pradesh,Raebareli,8,9007,0,72056,56029.29,16026.71,Credit Card,Pending,Mistry-Luthra,teerth50@parikh-khalsa.biz,7,Yes,40
ORD1530,1/3/2026,1/5/2026,CUST559,Tara Dora,Consumer,PROD428,Mouse,Electronics,East,Sikkim,Ahmedabad,2,4689,15,7971.3,6215.06,1756.24,Net Banking,Cancelled,Karan Ltd,zansibansal@choudhury.com,38,No,0
ORD1531,7/3/2026,7/5/2026,CUST275,Sachi Choudhury,Home Office,PROD202,Notebook,Office Supplies,West,Kerala,Mira-Bhayandar,4,5085,0,20340,11770.84,8569.16,Net Banking,Returned,Parmer Ltd,theodoregoyal@sheth-edwin.info,46,No,0
ORD1532,2/4/2025,2/10/2025,CUST852,Sachi Bhatia,Corporate,PROD578,Sofa,Furniture,East,Maharashtra,Mangalore,7,12938,10,81509.4,29210.42,52298.98,Credit Card,Delivered,"Chowdhury, Bala and Zachariah",damyantibalay@rao.info,15,No,0
ORD1533,9/5/2023,9/7/2023,CUST819,Leena Palla,Corporate,PROD546,Keyboard,Electronics,North,Telangana,Ghaziabad,3,14647,20,35152.8,23539.49,11613.31,UPI,Delivered,"Borra, Barad and Kohli",nirja46@gera-dada.com,35,No,0
ORD1534,16-04-2025,22-04-2025,CUST151,Amruta Dyal,Corporate,PROD446,Cooking Oil,Grocery,South,Uttar Pradesh,Ulhasnagar,10,12713,10,114417,84554.07,29862.93,Credit Card,Delivered,Badami-Date,faraj05@ramanathan-dhaliwal.net,30,No,0
ORD1535,1/7/2024,13-01-2024,CUST669,Abhiram Prakash,Corporate,PROD259,Mouse,Electronics,East,Haryana,Udaipur,7,12300,5,81795,26516.15,55278.85,Credit Card,Pending,Varma and Sons,forumvig@chopra-puri.biz,24,No,0
ORD1536,6/1/2026,6/2/2026,CUST251,Eta Contractor,Home Office,PROD556,Calculator,Office Supplies,North,Jharkhand,Saharsa,7,8812,5,58599.8,19851.3,38748.5,Credit Card,Pending,Bhatia-Gole,upadhyaymegha@kaul.net,18,No,0
ORD1537,11/1/2023,11/7/2023,CUST660,Radhika Majumdar,Home Office,PROD261,File Folder,Office Supplies,South,Chhattisgarh,Berhampur,2,8445,5,16045.5,12096.74,3948.76,Net Banking,Delivered,Ramanathan LLC,chasmum81@saran.com,38,No,0
ORD1538,3/1/2025,3/7/2025,CUST712,Vedant Krish,Home Office,PROD605,Monitor,Electronics,East,Odisha,Avadi,3,1510,10,4077,1373.2,2703.8,Net Banking,Returned,"Tailor, Arora and Sahota",yatanbhatnagar@gala-yadav.org,11,No,0
ORD1539,16-05-2025,21-05-2025,CUST683,Imaran Som,Consumer,PROD290,Cooking Oil,Grocery,North,Madhya Pradesh,Ramgarh,5,11114,15,47234.5,26106.35,21128.15,Cash,Cancelled,Pillay Ltd,zansi07@mannan.com,50,No,0
ORD1540,23-08-2024,24-08-2024,CUST291,Chandran Nagarajan,Corporate,PROD498,Rice Bag,Grocery,South,Tamil Nadu,Suryapet,5,6554,20,26216,14356.95,11859.05,UPI,Returned,"Saini, Sood and Mahal",jhaanika@master.com,44,No,0
ORD1541,16-02-2025,17-02-2025,CUST814,Luke Badami,Consumer,PROD315,Study Table,Furniture,South,Meghalaya,Thoothukudi,10,11429,20,91432,67927.53,23504.47,Net Banking,Returned,"Narayanan, Rastogi and Jain",zarna79@ahluwalia.org,29,No,0
ORD1542,27-06-2026,29-06-2026,CUST744,Balendra Prashad,Consumer,PROD883,Cooking Oil,Grocery,West,Bihar,Danapur,8,7101,10,51127.2,18237.88,32889.32,UPI,Returned,Mand-Iyer,vdara@bakshi.com,39,No,0
ORD1543,14-10-2024,21-10-2024,CUST929,Maanav Dugar,Home Office,PROD995,Rice Bag,Grocery,South,Assam,Agartala,2,6786,0,13572,7641.29,5930.71,UPI,Returned,Krishna-Khatri,vasana71@bir.com,15,No,0
ORD1544,4/3/2025,4/8/2025,CUST569,Amrita Bakshi,Consumer,PROD153,Calculator,Office Supplies,South,Arunachal Pradesh,Mira-Bhayandar,10,7965,5,75667.5,33400.33,42267.17,UPI,Delivered,"Dani, Andra and Hayre",ladmaya@reddy.info,33,No,0
ORD1545,28-04-2026,5/4/2026,CUST394,Raghav Mani,Home Office,PROD571,Dining Table,Furniture,South,Tripura,Aurangabad,10,5213,10,46917,17333.86,29583.14,Credit Card,Returned,"Amble, Gara and Mukherjee",gaurav18@ram-chaudhry.com,43,No,0
ORD1546,10/11/2025,13-10-2025,CUST727,Jyoti Dalal,Consumer,PROD121,Notebook,Office Supplies,North,Goa,Kulti,3,6282,15,16019.1,6955.88,9063.22,Net Banking,Returned,"Kamdar, Rastogi and Saraf",tara37@dash.net,40,No,0
ORD1547,2/3/2026,2/9/2026,CUST155,Balhaar Buch,Home Office,PROD197,Sofa,Furniture,North,Uttar Pradesh,Panihati,4,14656,5,55692.8,35083.74,20609.06,Net Banking,Pending,Saha-Bhasin,harrisonparmer@menon-goswami.com,38,No,0
ORD1548,22-06-2026,27-06-2026,CUST595,Lohit Pandit,Home Office,PROD543,Study Table,Furniture,West,West Bengal,Jaipur,6,12731,15,64928.1,21437.67,43490.43,Net Banking,Pending,Parmer-Sinha,salviabha@hora.com,31,No,0
ORD1549,7/5/2026,7/11/2026,CUST794,Ryan Sunder,Home Office,PROD660,Keyboard,Electronics,North,Sikkim,Singrauli,3,6701,0,20103,13203.5,6899.5,UPI,Returned,Sem-Baral,madhavinaik@chatterjee.org,44,No,0
ORD1550,31-10-2025,11/6/2025,CUST242,Chaaya Kale,Home Office,PROD208,Cooking Oil,Grocery,East,Gujarat,Gandhinagar,5,4421,20,17684,7544.85,10139.15,UPI,Delivered,Nagy-Raman,lohit67@sridhar.info,33,No,0
ORD1551,11/3/2024,11/5/2024,CUST256,Gunbir Mukherjee,Home Office,PROD366,Monitor,Electronics,North,Assam,Madurai,4,9374,10,33746.4,18434.72,15311.68,Cash,Pending,Verma-Sarkar,csaxena@nagi.net,21,No,0
ORD1552,9/5/2025,9/10/2025,CUST879,Chandresh Parmar,Consumer,PROD608,Stapler,Office Supplies,North,Kerala,Kharagpur,8,6699,5,50912.4,22300.14,28612.26,Cash,Returned,Issac-Choudhary,xborah@biswas.info,14,No,0
ORD1553,28-08-2025,29-08-2025,CUST265,Anmol Gara,Corporate,PROD859,Cooking Oil,Grocery,West,Tripura,Bhopal,8,9953,5,75642.8,28565.26,47077.54,Credit Card,Cancelled,"Sathe, Narang and Nagi",gangasuresh@nagar.net,38,No,0
ORD1554,13-02-2026,15-02-2026,CUST757,Kevin Chadha,Home Office,PROD842,Bookshelf,Furniture,East,Punjab,Jehanabad,3,6604,15,16840.2,10710.54,6129.66,Cash,Pending,"Dhillon, Cherian and Vaidya",atharvmadan@wason.com,19,No,0
ORD1555,25-03-2026,29-03-2026,CUST690,Harsh Char,Home Office,PROD761,Cooking Oil,Grocery,South,Meghalaya,Siwan,2,5011,10,9019.8,4889.82,4129.98,Cash,Pending,Sane Inc,amandal@subramanian-chandran.com,23,No,0
ORD1556,15-12-2024,21-12-2024,CUST370,Abha Sekhon,Consumer,PROD557,Monitor,Electronics,West,Jharkhand,Pudukkottai,5,11714,10,52713,22884.06,29828.94,Cash,Returned,"Divan, Saran and Desai",xvala@agarwal.biz,37,No,0
ORD1557,30-06-2025,7/5/2025,CUST322,Anay Arora,Consumer,PROD304,File Folder,Office Supplies,East,Tamil Nadu,Thane,9,8717,0,78453,30874.47,47578.53,UPI,Pending,Bhatnagar-Ranganathan,edwinvincent@kakar.com,27,No,0
ORD1558,8/10/2023,16-08-2023,CUST777,Ubika Parsa,Consumer,PROD986,Stapler,Office Supplies,North,Assam,Surendranagar Dudhrej,1,13064,5,12410.8,6439.11,5971.69,UPI,Pending,"More, Chaudhary and Singhal",warindershroff@tank.org,3,Yes,44
ORD1559,26-10-2025,31-10-2025,CUST533,Ijaya Shan,Home Office,PROD382,Office Chairs,Furniture,East,Meghalaya,Siliguri,3,10158,0,30474,13841.68,16632.32,Cash,Returned,Shroff Inc,hbanerjee@rajan-bajaj.com,32,No,0
ORD1560,4/7/2026,14-04-2026,CUST967,Udant Mann,Consumer,PROD121,Study Table,Furniture,South,Chhattisgarh,Eluru,9,8868,20,63849.6,24822.05,39027.55,Cash,Returned,Kashyap-Bera,ishanimahal@toor.com,27,No,0
ORD1561,28-08-2025,31-08-2025,CUST714,Triveni Raghavan,Corporate,PROD936,Cooking Oil,Grocery,South,Arunachal Pradesh,Chandigarh,4,7006,20,22419.2,12573.93,9845.27,Credit Card,Returned,Parmer-Badami,kcherian@chopra.com,36,No,0
ORD1562,5/6/2026,5/10/2026,CUST928,Reyansh Bera,Home Office,PROD355,Laptop,Electronics,West,Haryana,Raipur,6,2667,20,12801.6,9595.43,3206.17,UPI,Cancelled,Cheema Ltd,rsastry@randhawa-sankar.biz,29,No,0
ORD1563,6/3/2024,6/8/2024,CUST675,Xavier Murty,Corporate,PROD207,Notebook,Office Supplies,North,Jharkhand,Begusarai,6,9230,0,55380,21487.08,33892.92,Credit Card,Pending,Bhasin-Mohan,ekani19@choudhry.com,42,No,0
ORD1564,11/8/2024,11/12/2024,CUST472,Isha Bhattacharyya,Home Office,PROD674,File Folder,Office Supplies,South,Bihar,Purnia,5,3342,20,13368,8765.38,4602.62,Credit Card,Delivered,Pandey-Jani,indrajit43@sanghvi.com,3,Yes,38
ORD1565,25-05-2025,29-05-2025,CUST252,Alexander Bandi,Home Office,PROD781,Bookshelf,Furniture,North,Maharashtra,Katni,10,14416,20,115328,79960.36,35367.64,Cash,Returned,Bahl Ltd,muppal@konda.info,46,No,0
ORD1566,23-09-2023,28-09-2023,CUST243,Devika Dey,Home Office,PROD749,Rice Bag,Grocery,East,Uttar Pradesh,Jammu,2,6321,20,10113.6,7530.65,2582.95,Credit Card,Returned,"Mane, Kant and Subramaniam",chaudharichameli@sampath.com,1,Yes,46
ORD1567,1/2/2024,1/7/2024,CUST853,Odika Doshi,Home Office,PROD512,Keyboard,Electronics,West,Punjab,Begusarai,6,9271,15,47282.1,37614.82,9667.28,Net Banking,Pending,"Rao, Bhattacharyya and Kunda",yohannangirik@dugal-jha.com,9,Yes,41
ORD1568,5/8/2025,5/9/2025,CUST298,Ekalinga Nagi,Corporate,PROD797,Office Chairs,Furniture,North,Madhya Pradesh,Khora ,6,12808,0,76848,53624.27,23223.73,Net Banking,Returned,Wadhwa and Sons,oliver91@narang.com,20,No,0
ORD1569,20-04-2025,25-04-2025,CUST929,Vincent Chatterjee,Consumer,PROD506,File Folder,Office Supplies,North,Sikkim,North Dumdum,9,2559,5,21879.45,7921.66,13957.79,Credit Card,Pending,"Narain, Dani and Shukla",nishabutala@gandhi.com,27,No,0
ORD1570,22-08-2024,29-08-2024,CUST408,Vaishnavi Kant,Consumer,PROD345,Study Table,Furniture,West,Jharkhand,Moradabad,9,11855,0,106695,73874.48,32820.52,Cash,Returned,Shetty Inc,pushti55@kadakia-malhotra.com,26,No,0
ORD1571,10/6/2023,10/12/2023,CUST850,Yashodhara Khalsa,Corporate,PROD508,Cooking Oil,Grocery,West,Manipur,Udupi,9,14501,5,123983.55,47959.18,76024.37,Credit Card,Delivered,"Oommen, Sood and Murthy",abail@ben.com,24,No,0
ORD1572,8/3/2025,8/10/2025,CUST541,Ridhi Dhar,Corporate,PROD911,File Folder,Office Supplies,South,Meghalaya,Danapur,4,4159,5,15804.2,10607.22,5196.98,UPI,Returned,Varty-Gulati,triptimangat@kulkarni-bumb.com,30,No,0
ORD1573,28-10-2025,11/2/2025,CUST421,Yuvraj Virk,Home Office,PROD650,Calculator,Office Supplies,South,Tamil Nadu,Hospet,7,7689,5,51131.85,30006.81,21125.04,Cash,Cancelled,"Karpe, Gade and Bakshi",anvi47@halder.com,47,No,0
ORD1574,17-01-2026,24-01-2026,CUST835,Sudiksha Tak,Consumer,PROD201,Bookshelf,Furniture,East,Maharashtra,Motihari,1,12075,20,9660,5469.38,4190.62,Net Banking,Returned,Chandran and Sons,andrewchanda@ghose.com,48,No,0
ORD1575,15-06-2026,16-06-2026,CUST811,Kamya Sule,Consumer,PROD671,Sofa,Furniture,West,Manipur,Delhi,3,6626,5,18884.1,14845.68,4038.42,Credit Card,Returned,"Lall, Chaudhuri and Om",pinglejairaj@subramanian.net,39,No,0
ORD1576,27-02-2025,3/6/2025,CUST490,Ekta Patla,Home Office,PROD390,Dining Table,Furniture,North,Manipur,Sri Ganganagar,6,7386,15,37668.6,17042.03,20626.57,Net Banking,Returned,Singhal-Kapoor,farhanbrahmbhatt@mallick-modi.org,41,No,0
ORD1577,23-01-2026,26-01-2026,CUST501,Devansh Tella,Consumer,PROD282,Sofa,Furniture,South,Haryana,North Dumdum,6,4204,15,21440.4,14980.19,6460.21,Cash,Returned,Deep and Sons,samanicholas@bhat.com,49,No,0
ORD1578,4/11/2026,17-04-2026,CUST337,Deepa Bhatnagar,Home Office,PROD830,File Folder,Office Supplies,West,West Bengal,Coimbatore,9,7920,5,67716,37290.24,30425.76,UPI,Delivered,"Sarin, Dube and Balasubramanian",sridharvaishnavi@shere.org,2,Yes,40
ORD1579,23-07-2025,28-07-2025,CUST236,Oliver Pillai,Consumer,PROD835,Stapler,Office Supplies,North,Rajasthan,Anantapuram,5,5666,15,24080.5,17745.82,6334.68,Net Banking,Delivered,Nadig-Wable,aarush00@vig-patil.info,0,Yes,32
ORD1580,15-08-2023,20-08-2023,CUST436,Isaac Chandra,Consumer,PROD732,Rice Bag,Grocery,East,Odisha,Jorhat,4,5593,10,20134.8,11707.01,8427.79,Net Banking,Returned,"Parmer, Balasubramanian and Babu",minhasvasana@sabharwal.com,2,Yes,50
ORD1581,18-04-2026,25-04-2026,CUST450,Ethan Sarkar,Home Office,PROD643,File Folder,Office Supplies,West,Sikkim,Mangalore,10,7208,15,61268,48851.74,12416.26,Net Banking,Delivered,Gokhale-Kothari,kadakiachavvi@thaman-koshy.biz,4,Yes,23
ORD1582,31-05-2025,6/2/2025,CUST612,Arya Khalsa,Consumer,PROD506,Keyboard,Electronics,North,Jharkhand,Srinagar,4,5276,20,16883.2,7711.16,9172.04,Credit Card,Pending,Taneja-Palan,kkeer@bal-bava.info,3,Yes,37
ORD1583,26-02-2026,3/5/2026,CUST876,Yasti Samra,Home Office,PROD450,Stapler,Office Supplies,West,Bihar,Belgaum,4,7096,10,25545.6,8489.64,17055.96,Net Banking,Pending,Sehgal-Kari,vanya74@pradhan.biz,18,No,0
ORD1584,20-05-2024,23-05-2024,CUST366,Saumya Sandal,Corporate,PROD885,Pen,Office Supplies,East,Manipur,Korba,8,567,5,4309.2,3077.88,1231.32,Cash,Cancelled,Dash-Taneja,ldalal@raman.com,31,No,0
ORD1585,28-07-2026,29-07-2026,CUST680,Balvan Kumar,Consumer,PROD457,Cooking Oil,Grocery,North,Goa,Dhanbad,9,9568,15,73195.2,34696.83,38498.37,Credit Card,Cancelled,Pandit-Ravel,logan51@batra.net,12,No,0
ORD1586,22-07-2024,24-07-2024,CUST989,Suhani Ravi,Home Office,PROD695,Monitor,Electronics,East,Chhattisgarh,Coimbatore,5,10897,10,49036.5,19838.82,29197.68,Net Banking,Delivered,Baria Group,sainiishwar@hans.com,8,Yes,35
ORD1587,26-09-2025,10/3/2025,CUST410,Amrita Bumb,Home Office,PROD638,Stapler,Office Supplies,North,Arunachal Pradesh,Jamnagar,3,8199,0,24597,9395.86,15201.14,Credit Card,Cancelled,Mahal-Dua,murtywarinder@mand.com,33,No,0
ORD1588,26-11-2024,28-11-2024,CUST823,Simon Sha,Corporate,PROD420,Sofa,Furniture,West,Nagaland,Srikakulam,7,778,0,5446,3129.7,2316.3,Credit Card,Pending,Wason-Taneja,dsarin@pandya.com,28,No,0
ORD1589,30-12-2024,1/5/2025,CUST227,Avni Sathe,Home Office,PROD679,Cooking Oil,Grocery,North,Uttarakhand,Chennai,9,12361,15,94561.65,32902.92,61658.73,UPI,Cancelled,Butala PLC,abhimanyudutta@solanki-dutta.net,12,No,0
ORD1590,7/7/2024,7/9/2024,CUST828,Ishani Deol,Home Office,PROD913,Sofa,Furniture,South,Gujarat,Kavali,5,1954,10,8793,5087.03,3705.97,Net Banking,Pending,"Gola, Keer and Kunda",rsane@magar.biz,38,No,0
ORD1591,29-09-2025,10/3/2025,CUST774,Pranit Dalal,Corporate,PROD573,Monitor,Electronics,South,Uttarakhand,Karimnagar,10,5684,20,45472,32347.9,13124.1,Net Banking,Pending,Bhargava Inc,dubeybaghyawati@ramachandran.info,0,Yes,21
ORD1592,16-09-2023,20-09-2023,CUST591,Nitesh Kaur,Corporate,PROD280,Sofa,Furniture,East,Karnataka,Siliguri,5,6630,15,28177.5,20821.04,7356.46,Credit Card,Returned,"Choudhury, Mannan and Rau",robert86@chadha.com,33,No,0
ORD1593,19-07-2026,22-07-2026,CUST995,Bimala Sura,Home Office,PROD957,Rice Bag,Grocery,East,Gujarat,Bangalore,3,1893,10,5111.1,2695.76,2415.34,Net Banking,Cancelled,Dutt-Nagar,luthraurmi@dara.net,44,No,0
ORD1594,22-03-2024,29-03-2024,CUST705,Gopal Patil,Consumer,PROD957,Laptop,Electronics,East,Himachal Pradesh,Mau,10,7864,0,78640,42623.58,36016.42,Net Banking,Cancelled,Chad Ltd,ebhalla@varty-comar.net,50,No,0
ORD1595,15-12-2025,21-12-2025,CUST785,Riya Mand,Corporate,PROD707,Rice Bag,Grocery,West,Nagaland,Faridabad,8,4894,0,39152,21684.11,17467.89,Credit Card,Cancelled,"Kala, Korpal and Pandey",rattandalbir@varkey-sengupta.net,0,Yes,28
ORD1596,27-07-2025,28-07-2025,CUST654,Ethan Oommen,Consumer,PROD156,Calculator,Office Supplies,South,Punjab,Singrauli,9,9074,0,81666,60490.96,21175.04,Net Banking,Delivered,Mishra Ltd,ppuri@mandal.com,40,No,0
ORD1597,18-08-2025,21-08-2025,CUST597,Tanvi Mann,Home Office,PROD354,Rice Bag,Grocery,South,Haryana,Vijayanagaram,5,1793,0,8965,2958.7,6006.3,Net Banking,Cancelled,Ramanathan-Gara,bedimaya@divan-swaminathan.net,20,No,0
ORD1598,26-01-2025,2/2/2025,CUST357,Chandani Seshadri,Home Office,PROD659,Study Table,Furniture,East,Gujarat,Bulandshahr,8,13620,5,103512,46953.37,56558.63,UPI,Returned,"Majumdar, Chaudhary and Buch",matthewthakkar@chaudhari-shukla.info,14,No,0
ORD1599,28-05-2026,6/3/2026,CUST870,Gaurav Chaudhary,Corporate,PROD675,Calculator,Office Supplies,South,Odisha,Bhalswa Jahangir Pur,5,7988,15,33949,14632.87,19316.13,Credit Card,Returned,Dalal-Kata,joshihemani@sarraf-bansal.com,15,No,0
ORD1600,22-06-2026,26-06-2026,CUST866,Gunbir Kala,Consumer,PROD968,Keyboard,Electronics,East,Uttar Pradesh,Mahbubnagar,2,3341,0,6682,5265.56,1416.44,Net Banking,Returned,Walia Group,amaraacharya@rajagopal.com,10,No,0
ORD1601,29-06-2025,7/6/2025,CUST309,Qushi Mitter,Consumer,PROD922,Bookshelf,Furniture,West,Jharkhand,Srinagar,10,12010,10,108090,39780.08,68309.92,UPI,Delivered,Kamdar Group,bparmer@natarajan.biz,41,No,0
ORD1602,10/6/2024,10/7/2024,CUST973,Widisha Grewal,Home Office,PROD848,Mouse,Electronics,East,Uttarakhand,Jamshedpur,1,1430,20,1144,417.23,726.77,Net Banking,Delivered,"Dhingra, Cheema and Gaba",yashodhara58@grover-yadav.info,50,No,0
ORD1603,20-10-2023,23-10-2023,CUST412,Baghyawati Ranganathan,Consumer,PROD560,Headphones,Electronics,North,Bihar,Ranchi,2,9096,15,15463.2,5328.63,10134.57,Cash,Cancelled,"Wason, Date and Pandya",fvora@konda.info,40,No,0
ORD1604,16-05-2026,19-05-2026,CUST824,Pushti Murty,Home Office,PROD207,File Folder,Office Supplies,North,Meghalaya,Hazaribagh,6,12455,10,67257,41576.01,25680.99,Credit Card,Pending,Jhaveri-Parmar,lmisra@bali-divan.net,16,No,0
ORD1605,1/10/2024,14-01-2024,CUST297,Om Sura,Home Office,PROD907,Rice Bag,Grocery,West,Goa,Sonipat,7,12838,10,80879.4,53484.61,27394.79,Cash,Cancelled,"Chanda, Chawla and Mandal",max03@kashyap.com,3,Yes,47
ORD1606,18-11-2025,25-11-2025,CUST568,Wyatt Nagy,Corporate,PROD663,Rice Bag,Grocery,West,Sikkim,Rajahmundry,1,14280,15,12138,5286.18,6851.82,UPI,Returned,"Nath, Rai and Golla",ekapad05@ramakrishnan.info,0,Yes,40
ORD1607,12/10/2024,12/12/2024,CUST248,Vritti Ganesan,Home Office,PROD197,Cooking Oil,Grocery,East,Odisha,Tenali,6,2590,5,14763,7488.76,7274.24,Cash,Pending,"Gera, Soman and Dua",aishani12@karnik.net,6,Yes,42
ORD1608,3/6/2024,3/9/2024,CUST965,Upadhriti Gole,Home Office,PROD510,Notebook,Office Supplies,North,Gujarat,Rewa,3,11108,15,28325.4,15199.79,13125.61,UPI,Returned,Palan Inc,krishnanidra@khurana.com,25,No,0
ORD1609,30-09-2025,10/6/2025,CUST800,Laksh Ray,Consumer,PROD470,Pen,Office Supplies,North,Punjab,Chandigarh,4,748,10,2692.8,1233.04,1459.76,Cash,Cancelled,"Banik, Tiwari and Datta",saxenanandini@prashad-dugal.com,25,No,0
ORD1610,29-11-2023,12/5/2023,CUST537,Ishaan Dhar,Home Office,PROD468,Notebook,Office Supplies,East,Rajasthan,Chinsurah,4,1042,20,3334.4,1559.25,1775.15,Net Banking,Delivered,Master Ltd,lipika71@virk.com,41,No,0
ORD1611,1/2/2026,1/6/2026,CUST190,Ishani Shenoy,Consumer,PROD726,Keyboard,Electronics,West,Andhra Pradesh,Panipat,3,9321,10,25166.7,16999.7,8167,Cash,Pending,"Shroff, Sethi and Balan",iamble@mander.com,10,No,0
ORD1612,26-05-2026,28-05-2026,CUST141,Zayan Bobal,Home Office,PROD997,Mouse,Electronics,West,Punjab,Karimnagar,1,6355,15,5401.75,2288.7,3113.05,UPI,Delivered,"Goel, De and Ghose",om66@padmanabhan.biz,31,No,0
ORD1613,13-07-2025,15-07-2025,CUST562,Chaitaly Thakur,Home Office,PROD174,File Folder,Office Supplies,East,Tripura,Deoghar,1,3947,10,3552.3,1902.48,1649.82,Cash,Returned,Chowdhury-Balakrishnan,zkashyap@sarma.biz,16,No,0
ORD1614,9/9/2023,13-09-2023,CUST656,Balvan Oommen,Home Office,PROD597,Sofa,Furniture,South,Mizoram,Sonipat,1,1822,20,1457.6,900.81,556.79,Net Banking,Delivered,"Sehgal, Verma and Kale",rayaanvarkey@puri.com,47,No,0
ORD1615,5/7/2026,14-05-2026,CUST929,Harshil Gole,Consumer,PROD511,Mouse,Electronics,West,Uttarakhand,Aizawl,1,14847,10,13362.3,10414.06,2948.24,Credit Card,Delivered,"Sachdev, Swamy and Chahal",kashyapvansha@bhakta.com,44,No,0
ORD1616,23-01-2024,26-01-2024,CUST483,Ati Hora,Home Office,PROD348,Monitor,Electronics,North,Kerala,Karimnagar,8,9865,10,71028,29952.05,41075.95,UPI,Returned,Gara-Kalita,ganesanabeer@kumar-wagle.com,7,Yes,35
ORD1617,8/3/2025,8/8/2025,CUST559,Vincent Jayaraman,Home Office,PROD199,Keyboard,Electronics,South,Mizoram,Karnal,7,3557,5,23654.05,18548.6,5105.45,UPI,Cancelled,"Bali, Nath and Sule",pinglezashil@chokshi.net,48,No,0
ORD1618,24-09-2025,25-09-2025,CUST456,Zaid Gandhi,Consumer,PROD925,Rice Bag,Grocery,East,Kerala,Indore,8,3317,5,25209.2,11452.67,13756.53,Net Banking,Cancelled,Gera-Kumar,bachittar76@sood.org,28,No,0
ORD1619,10/6/2023,10/9/2023,CUST208,Ishwar Brahmbhatt,Consumer,PROD379,Rice Bag,Grocery,East,Tripura,Kozhikode,1,1475,5,1401.25,824.7,576.55,UPI,Returned,Mannan Inc,imukhopadhyay@karnik-oommen.biz,4,Yes,20
ORD1620,3/5/2025,3/7/2025,CUST770,Eta Shankar,Home Office,PROD451,Keyboard,Electronics,North,Telangana,Warangal,9,5433,20,39117.6,15658.31,23459.29,Credit Card,Returned,Lad-Kota,ayushmittal@sethi-merchant.info,47,No,0
ORD1621,26-12-2023,1/1/2024,CUST529,Netra Rai,Home Office,PROD471,Headphones,Electronics,East,Manipur,Katni,10,13224,0,132240,48268.01,83971.99,UPI,Pending,"Mangal, Goda and Wali",ikbalpillay@batta.info,5,Yes,29
ORD1622,4/5/2025,4/6/2025,CUST850,Oliver Dave,Consumer,PROD425,Bookshelf,Furniture,South,Goa,Jamshedpur,8,318,5,2416.8,799.64,1617.16,Credit Card,Pending,Vala LLC,xbahl@raman.com,40,No,0
ORD1623,19-09-2024,26-09-2024,CUST251,Barkha Parekh,Home Office,PROD182,Sofa,Furniture,West,Bihar,Anantapur,9,6019,20,43336.8,24428.05,18908.75,Cash,Pending,"Murty, Choudhry and Bali",tanvichahal@sengupta.com,10,No,0
ORD1624,20-01-2024,24-01-2024,CUST326,Bahadurjit Subramaniam,Corporate,PROD944,Office Chairs,Furniture,North,Rajasthan,Jodhpur,2,13029,10,23452.2,9972.91,13479.29,Net Banking,Returned,Borah-Nadig,charita74@deo.com,30,No,0
ORD1625,13-01-2025,14-01-2025,CUST714,Damyanti Sur,Home Office,PROD862,Rice Bag,Grocery,South,Telangana,Jalgaon,4,2193,20,7017.6,2833.92,4183.68,Credit Card,Cancelled,"Tandon, Loke and Seshadri",daminiwable@agrawal.biz,12,No,0
ORD1626,12/6/2025,12/8/2025,CUST588,Onveer Vala,Corporate,PROD683,Mouse,Electronics,East,Assam,Tiruppur,2,2318,5,4404.2,2517.03,1887.17,Net Banking,Returned,Kaul PLC,dubeybanjeet@kannan.org,28,No,0
ORD1627,15-08-2023,16-08-2023,CUST498,Januja Om,Corporate,PROD309,Pen,Office Supplies,North,Jharkhand,Coimbatore,2,556,5,1056.4,324.86,731.54,Credit Card,Returned,Chopra-Dugal,niharikazacharia@vala.com,17,No,0
ORD1628,11/4/2023,11/6/2023,CUST892,Anusha Jhaveri,Home Office,PROD925,Office Chairs,Furniture,East,Gujarat,Bidar,6,6418,15,32731.8,18329.75,14402.05,Credit Card,Pending,"Sodhi, Badal and Gokhale",dinoviya@narula.com,37,No,0
ORD1629,29-06-2025,7/4/2025,CUST742,Gunbir Wadhwa,Consumer,PROD686,Dining Table,Furniture,East,Chhattisgarh,Phagwara,3,2442,10,6593.4,3586.93,3006.47,Credit Card,Delivered,Chander-Modi,gayathrisem@mody.com,26,No,0
ORD1630,9/1/2025,9/2/2025,CUST457,Jagrati Khurana,Home Office,PROD905,Cooking Oil,Grocery,South,Meghalaya,Anand,10,13427,10,120843,75949.07,44893.93,Credit Card,Returned,Lall-Shan,gollaosha@dhillon-chadha.com,14,No,0
ORD1631,19-01-2025,25-01-2025,CUST174,Chaitaly Sama,Corporate,PROD235,Headphones,Electronics,East,Madhya Pradesh,Shimla,10,10515,0,105150,66846.48,38303.52,Credit Card,Cancelled,"Rajagopal, Jayaraman and Tak",mallickorinder@brahmbhatt.com,27,No,0
ORD1632,18-09-2025,20-09-2025,CUST764,Manan Cherian,Consumer,PROD992,Headphones,Electronics,North,Mizoram,Bijapur,8,11103,5,84382.8,25597.36,58785.44,Net Banking,Delivered,Mohan Inc,owenmann@raj.org,27,No,0
ORD1633,8/4/2026,8/6/2026,CUST765,Amaira Ramanathan,Corporate,PROD737,Mouse,Electronics,East,Jharkhand,Chapra,7,14102,0,98714,48439.99,50274.01,Cash,Cancelled,Rama PLC,pavanisaha@atwal.com,23,No,0
ORD1634,24-11-2023,29-11-2023,CUST808,Sachi Sachdev,Home Office,PROD104,Office Chairs,Furniture,West,Uttar Pradesh,Faridabad,8,151,20,966.4,669.44,296.96,Net Banking,Cancelled,Kant Group,nzacharia@ravel-kumer.net,48,No,0
ORD1635,17-07-2026,21-07-2026,CUST324,Chatura Khatri,Consumer,PROD532,Stapler,Office Supplies,North,Manipur,Dewas,9,14001,0,126009,75934.63,50074.37,Credit Card,Cancelled,Dave-Bir,arorarohan@chacko.com,0,Yes,41
ORD1636,18-01-2024,23-01-2024,CUST790,Aarav Choudhury,Corporate,PROD189,Notebook,Office Supplies,North,Chhattisgarh,Vadodara,2,8071,0,16142,10094.86,6047.14,Credit Card,Pending,"Lalla, Sinha and Kumer",nathan14@atwal-mital.com,40,No,0
ORD1637,30-01-2024,2/3/2024,CUST259,Xiti Mangal,Consumer,PROD680,Notebook,Office Supplies,South,Tamil Nadu,Uluberia,6,12534,10,67683.6,31046.66,36636.94,UPI,Cancelled,Sengupta-Bhat,petersawhney@shukla.org,23,No,0
ORD1638,7/12/2024,16-07-2024,CUST434,Advika Khatri,Corporate,PROD403,Cooking Oil,Grocery,North,Nagaland,Buxar,6,1727,5,9843.9,5450.22,4393.68,Net Banking,Pending,Saraf-Bali,peter24@nazareth.net,10,No,0
ORD1639,23-11-2024,27-11-2024,CUST279,Reva Biswas,Home Office,PROD252,Cooking Oil,Grocery,East,Kerala,Raebareli,10,8059,15,68501.5,53985.22,14516.28,Cash,Cancelled,Deshmukh Inc,hema19@bhattacharyya-krishnan.net,23,No,0
ORD1640,14-04-2024,20-04-2024,CUST195,Ishanvi Ghosh,Corporate,PROD502,Dining Table,Furniture,North,Himachal Pradesh,Unnao,9,8078,15,61796.7,27225.83,34570.87,UPI,Pending,Thakur-Zachariah,tanay29@narain.com,30,No,0
ORD1641,7/6/2024,13-07-2024,CUST736,Wakeeta Trivedi,Corporate,PROD788,File Folder,Office Supplies,South,Meghalaya,Mehsana,5,9310,0,46550,32712.16,13837.84,Cash,Returned,Ahuja and Sons,falguni87@bera-kothari.com,4,Yes,21
ORD1642,20-01-2024,22-01-2024,CUST592,Lucky Mani,Corporate,PROD822,Stapler,Office Supplies,South,Chhattisgarh,Vasai-Virar,7,7908,5,52588.2,26380.16,26208.04,UPI,Returned,"Ganesan, Goda and Peri",irasoman@dara.net,50,No,0
ORD1643,29-12-2023,1/3/2024,CUST591,Gautam Kant,Corporate,PROD839,Stapler,Office Supplies,West,Gujarat,Eluru,10,7019,10,63171,23225.64,39945.36,UPI,Returned,"Sastry, Khosla and Parekh",xkeer@chana-mistry.com,30,No,0
ORD1644,22-10-2024,27-10-2024,CUST624,Shaurya Upadhyay,Corporate,PROD434,Cooking Oil,Grocery,South,Punjab,Tenali,5,7654,0,38270,12477.17,25792.83,UPI,Delivered,De Group,anthony19@deep.com,3,Yes,32
ORD1645,27-06-2025,7/4/2025,CUST644,Amruta Sahni,Corporate,PROD192,Rice Bag,Grocery,North,Bihar,Madurai,4,5133,15,17452.2,8744.88,8707.32,Cash,Returned,"Bajaj, Bava and Khosla",vsastry@bhatia-wadhwa.org,43,No,0
ORD1646,3/12/2025,18-03-2025,CUST830,Ayushman Narayan,Corporate,PROD426,Pen,Office Supplies,North,Odisha,Jehanabad,1,121,20,96.8,73.07,23.73,Net Banking,Returned,Sarna LLC,vihaan68@radhakrishnan.com,46,No,0
ORD1647,11/4/2025,11/11/2025,CUST361,Ekavir Saran,Consumer,PROD893,Stapler,Office Supplies,South,Bihar,Howrah,2,4666,10,8398.8,5380.92,3017.88,Credit Card,Returned,"Kar, Deo and Bandi",chaudharyanusha@dani-rana.biz,30,No,0
ORD1648,25-11-2025,12/1/2025,CUST573,Peter Hayer,Corporate,PROD820,Cooking Oil,Grocery,North,Tamil Nadu,Raichur,7,7405,10,46651.5,34316.12,12335.38,Credit Card,Delivered,"Chopra, Batta and Dyal",unigam@viswanathan.com,49,No,0
ORD1649,28-11-2025,12/5/2025,CUST143,Dipta Datta,Corporate,PROD151,Laptop,Electronics,North,Kerala,Nagaon,5,5267,15,22384.75,14758.98,7625.77,Credit Card,Pending,"Bhalla, Sridhar and Dhingra",gunbir76@sahota.com,49,No,0
ORD1650,6/4/2024,6/5/2024,CUST337,Yochana Shroff,Consumer,PROD618,Headphones,Electronics,East,Odisha,Agartala,8,7341,10,52855.2,18454.82,34400.38,Cash,Returned,Mohanty and Sons,pallyashvi@bhalla.com,29,No,0
ORD1651,3/10/2024,3/11/2024,CUST896,Liam Minhas,Consumer,PROD186,Keyboard,Electronics,North,Karnataka,Mumbai,10,6904,5,65588,48991.79,16596.21,UPI,Delivered,"Chowdhury, Khalsa and Ganguly",rachita43@anand.com,25,No,0
ORD1652,5/4/2024,5/11/2024,CUST317,Inaya Ramakrishnan,Home Office,PROD205,Dining Table,Furniture,South,Chhattisgarh,Bhiwandi,10,10598,0,105980,37950.55,68029.45,Net Banking,Cancelled,Pathak-Dutt,munivritti@borah.com,1,Yes,43
ORD1653,20-07-2026,27-07-2026,CUST675,Lekha Kulkarni,Home Office,PROD608,Cooking Oil,Grocery,East,Manipur,Phusro,7,7388,20,41372.8,30399.04,10973.76,Cash,Pending,Gara-Ravel,bnaidu@kurian-madan.com,46,No,0
ORD1654,29-10-2025,11/5/2025,CUST746,Raksha Gill,Home Office,PROD138,Keyboard,Electronics,North,Sikkim,Ongole,10,1017,15,8644.5,2835.83,5808.67,Net Banking,Pending,"Dutt, Aurora and Setty",ethangara@sangha.com,19,No,0
ORD1655,6/1/2025,6/2/2025,CUST477,Agastya Sheth,Home Office,PROD736,Stapler,Office Supplies,East,Uttar Pradesh,Amravati,7,108,20,604.8,237.76,367.04,Net Banking,Delivered,"Gour, Balay and Singhal",wgarg@murty.info,39,No,0
ORD1656,5/11/2024,18-05-2024,CUST871,Samarth Borah,Consumer,PROD879,Dining Table,Furniture,East,Bihar,Sangli-Miraj & Kupwad,3,6189,15,15781.95,5136.63,10645.32,Net Banking,Returned,Oak Group,ntiwari@peri.com,5,Yes,28
ORD1657,16-09-2023,18-09-2023,CUST346,Nirja Nadig,Consumer,PROD590,Keyboard,Electronics,East,Punjab,Anantapuram,3,10836,0,32508,11093.68,21414.32,Credit Card,Delivered,Kalita LLC,sanetanveer@saha.com,29,No,0
ORD1658,3/6/2025,3/12/2025,CUST903,Jairaj Wable,Corporate,PROD233,Cooking Oil,Grocery,East,Goa,Khammam,4,6397,10,23029.2,15305.51,7723.69,UPI,Cancelled,Bumb-Pall,tthakkar@balakrishnan.com,21,No,0
ORD1659,7/12/2026,16-07-2026,CUST921,Pushti Padmanabhan,Corporate,PROD502,Sofa,Furniture,East,Manipur,Ramgarh,9,8800,5,75240,28711.25,46528.75,UPI,Returned,"Vaidya, Halder and Khurana",alexander19@sem.biz,33,No,0
ORD1660,18-01-2025,21-01-2025,CUST563,Vedhika Nadig,Home Office,PROD145,File Folder,Office Supplies,North,Andhra Pradesh,Tumkur,9,1855,20,13356,5847.98,7508.02,UPI,Delivered,"Seth, Singhal and Mittal",wvenkataraman@zacharia.info,19,No,0
ORD1661,4/8/2026,4/11/2026,CUST355,Mekhala Kapur,Home Office,PROD426,Bookshelf,Furniture,South,Telangana,Amravati,4,6898,15,23453.2,9268.66,14184.54,Credit Card,Pending,Savant LLC,fiyaznath@sridhar.com,20,No,0
ORD1662,30-10-2024,11/3/2024,CUST126,Bina Dugal,Consumer,PROD126,Sofa,Furniture,West,Uttar Pradesh,Gulbarga,4,12904,15,43873.6,29406.27,14467.33,Credit Card,Delivered,Krish-Sunder,garya@choudhry.info,16,No,0
ORD1663,23-07-2026,27-07-2026,CUST548,Prisha Murthy,Home Office,PROD827,Bookshelf,Furniture,South,Punjab,Nagpur,9,10237,15,78313.05,39072.77,39240.28,Net Banking,Delivered,"Wagle, Divan and Sachdev",ysur@bhandari.biz,4,Yes,22
ORD1664,16-11-2024,19-11-2024,CUST276,Aadi Chand,Corporate,PROD464,Calculator,Office Supplies,North,Punjab,Karaikudi,10,6425,10,57825,37042.17,20782.83,UPI,Pending,Das-Koshy,fdugar@sahni.com,16,No,0
ORD1665,16-06-2025,20-06-2025,CUST785,David Raja,Consumer,PROD986,Keyboard,Electronics,West,Sikkim,Pimpri-Chinchwad,1,9823,15,8349.55,3736.72,4612.83,Net Banking,Cancelled,Bassi PLC,mugdha32@oommen-patel.biz,20,No,0
ORD1666,4/4/2024,4/10/2024,CUST254,Ishaan Deshpande,Home Office,PROD585,Bookshelf,Furniture,West,Jharkhand,Proddatur,6,7652,20,36729.6,23946.47,12783.13,UPI,Delivered,Raju Ltd,sahotafaraj@more.com,45,No,0
ORD1667,14-08-2024,15-08-2024,CUST659,Suhani Subramanian,Consumer,PROD125,Bookshelf,Furniture,North,Assam,Bharatpur,10,9555,5,90772.5,44244.94,46527.56,UPI,Delivered,Pillai-Mangal,nigamrachita@bhasin-prasad.com,28,No,0
ORD1668,31-03-2025,4/1/2025,CUST726,Maanas Garde,Corporate,PROD231,Keyboard,Electronics,West,Jharkhand,Kolhapur,2,1022,10,1839.6,1213,626.6,Credit Card,Pending,Ray-Kade,pahalsuresh@balan-varma.com,32,No,0
ORD1669,31-08-2025,9/2/2025,CUST585,Barkha Patel,Corporate,PROD305,Cooking Oil,Grocery,East,Meghalaya,Mangalore,8,3700,10,26640,15306.88,11333.12,Credit Card,Delivered,"Luthra, Pingle and Balakrishnan",mbhat@goda.net,13,No,0
ORD1670,6/10/2025,16-06-2025,CUST101,Varsha Randhawa,Corporate,PROD618,Cooking Oil,Grocery,North,Madhya Pradesh,Bhavnagar,8,14201,15,96566.8,50542.14,46024.66,Net Banking,Returned,"Loyal, Bhatti and Pandya",chamankaur@borah.net,22,No,0
ORD1671,28-02-2026,3/3/2026,CUST414,Ubika Sibal,Consumer,PROD145,Mouse,Electronics,South,West Bengal,Morbi,7,13465,0,94255,30707.06,63547.94,Credit Card,Returned,"Pant, Rana and Bajwa",aarna87@bora-kata.org,43,No,0
ORD1672,19-01-2025,26-01-2025,CUST101,Nidhi Mall,Corporate,PROD264,Monitor,Electronics,South,Madhya Pradesh,Surendranagar Dudhrej,8,14343,10,103269.6,41031.03,62238.57,UPI,Returned,Chana Group,rzachariah@ramachandran-choudhury.com,47,No,0
ORD1673,25-01-2024,30-01-2024,CUST342,Siya Choudhry,Home Office,PROD832,Monitor,Electronics,South,Tripura,Maheshtala,2,8988,0,17976,13655.72,4320.28,Credit Card,Pending,Mitter Inc,karkalpit@pillay-dhar.org,28,No,0
ORD1674,9/5/2024,9/7/2024,CUST657,Kevin Hari,Corporate,PROD275,Stapler,Office Supplies,East,Haryana,Karnal,9,12090,10,97929,30957.31,66971.69,Cash,Cancelled,Gera Ltd,hamsini77@savant.com,20,No,0
ORD1675,9/5/2023,9/9/2023,CUST152,Vedika Batta,Consumer,PROD448,Study Table,Furniture,South,Uttar Pradesh,Eluru,3,9081,10,24518.7,16026.34,8492.36,Net Banking,Pending,"Rau, Bora and Sarraf",michael18@ganesh.org,47,No,0
ORD1676,7/8/2026,7/9/2026,CUST921,Anthony Modi,Home Office,PROD483,Notebook,Office Supplies,South,Nagaland,Durgapur,2,3702,15,6293.4,2299.05,3994.35,Credit Card,Delivered,Chaudhari-Karpe,khoslawatika@ravel-hayre.com,10,No,0
ORD1677,21-11-2024,24-11-2024,CUST598,Tarak Venkatesh,Consumer,PROD155,Cooking Oil,Grocery,West,Manipur,Baranagar,10,2997,5,28471.5,14035.2,14436.3,Net Banking,Returned,Ranganathan Group,srinivasmahika@gola-bhat.info,20,No,0
ORD1678,25-07-2026,30-07-2026,CUST929,Wakeeta Kari,Home Office,PROD257,File Folder,Office Supplies,West,West Bengal,Jalgaon,3,10809,0,32427,18572.74,13854.26,Credit Card,Delivered,Seshadri Group,vborah@keer.net,29,No,0
ORD1679,2/7/2024,2/11/2024,CUST846,Kamya Bir,Consumer,PROD565,Dining Table,Furniture,West,Haryana,Sangli-Miraj & Kupwad,1,3619,15,3076.15,1958.01,1118.14,Credit Card,Delivered,"Kota, Salvi and Nair",gopalabha@dalal.com,13,No,0
ORD1680,5/7/2026,5/10/2026,CUST295,Omisha Barman,Consumer,PROD408,Notebook,Office Supplies,South,Nagaland,Bhatpara,7,10003,10,63018.9,45393.85,17625.05,Cash,Pending,"Hayer, Bhattacharyya and Chakrabarti",modyanusha@barad.org,12,No,0
ORD1681,13-06-2025,19-06-2025,CUST732,Triya Bal,Consumer,PROD571,Mouse,Electronics,East,Bihar,Thiruvananthapuram,6,12276,10,66290.4,21188.31,45102.09,Net Banking,Delivered,"Bhakta, Karpe and Devi",neelchoudhry@barad-mandal.com,27,No,0
ORD1682,2/3/2025,2/4/2025,CUST934,Yochana Rajan,Home Office,PROD769,Calculator,Office Supplies,West,Meghalaya,Karnal,2,12355,0,24710,12469.45,12240.55,UPI,Returned,Palan LLC,vidhi04@sahni-bhat.com,17,No,0
ORD1683,26-03-2024,28-03-2024,CUST500,Kavya Sethi,Corporate,PROD823,Cooking Oil,Grocery,North,Chhattisgarh,Firozabad,1,6286,0,6286,4295.14,1990.86,UPI,Returned,Radhakrishnan-Rao,yashodasangha@doctor.com,19,No,0
ORD1684,16-07-2025,22-07-2025,CUST226,Utkarsh Parekh,Home Office,PROD672,File Folder,Office Supplies,North,Goa,Bhilwara,10,9004,10,81036,38241.4,42794.6,Credit Card,Pending,Sharaf and Sons,wriddhishsarin@oommen.biz,22,No,0
ORD1685,16-09-2024,21-09-2024,CUST375,Damini Magar,Corporate,PROD421,Mouse,Electronics,West,Andhra Pradesh,Hazaribagh,2,4385,10,7893,2936.41,4956.59,Credit Card,Returned,Kari-Gopal,pallakritika@bumb.com,1,Yes,24
ORD1686,2/9/2025,14-02-2025,CUST444,Rudra Dada,Home Office,PROD297,Headphones,Electronics,South,Kerala,Kanpur,4,12097,5,45968.6,24756.62,21211.98,UPI,Delivered,Sachar Group,bhagatzaid@boase-sur.com,49,No,0
ORD1687,27-03-2026,4/1/2026,CUST485,Chaaya Palan,Corporate,PROD114,Cooking Oil,Grocery,South,Kerala,North Dumdum,3,8320,5,23712,11814.63,11897.37,UPI,Returned,Ramachandran PLC,borahgabriel@sawhney.com,1,Yes,26
ORD1688,30-12-2025,1/3/2026,CUST319,Madhavi Solanki,Home Office,PROD550,Cooking Oil,Grocery,East,Madhya Pradesh,Karnal,2,5762,5,10947.8,3887.14,7060.66,Cash,Cancelled,Narang-Randhawa,lankachatresh@gera.com,16,No,0
ORD1689,24-11-2025,28-11-2025,CUST261,Januja Gaba,Home Office,PROD758,Notebook,Office Supplies,North,Uttarakhand,Dibrugarh,6,14847,0,89082,62732.48,26349.52,Cash,Cancelled,Sachdeva-Dhingra,deshmukhkevin@dada.com,1,Yes,25
ORD1690,2/4/2025,2/9/2025,CUST997,Vihaan Chakrabarti,Corporate,PROD566,Headphones,Electronics,West,Bihar,Kumbakonam,7,10592,10,66729.6,32662.72,34066.88,UPI,Cancelled,Chandra-Raval,tatatripti@grewal.com,32,No,0
ORD1691,9/4/2024,9/9/2024,CUST702,Gautami Kanda,Consumer,PROD248,Sofa,Furniture,North,Punjab,Chennai,10,12915,0,129150,54451.82,74698.18,UPI,Returned,"Mander, Atwal and Saran",deeptimothy@kara.com,21,No,0
ORD1692,17-06-2024,21-06-2024,CUST113,Sneha Kibe,Consumer,PROD764,Study Table,Furniture,East,Kerala,Tiruppur,1,753,0,753,419.72,333.28,Cash,Returned,Ganguly PLC,qpal@suresh.com,20,No,0
ORD1693,3/3/2024,3/6/2024,CUST338,Manthan Goda,Home Office,PROD359,Calculator,Office Supplies,West,Uttarakhand,Rewa,10,10856,10,97704,43645.09,54058.91,Net Banking,Returned,Varkey-Dave,yashasvi18@contractor.com,30,No,0
ORD1694,15-10-2024,19-10-2024,CUST512,Advik Karpe,Consumer,PROD427,Notebook,Office Supplies,North,Odisha,Gandhinagar,5,10400,20,41600,23374.87,18225.13,Net Banking,Pending,Brahmbhatt-Dey,chakradhar58@lanka-keer.com,16,No,0
ORD1695,15-02-2024,18-02-2024,CUST236,Nathaniel Shenoy,Corporate,PROD148,Sofa,Furniture,South,Meghalaya,Kakinada,2,10784,0,21568,12366.11,9201.89,Cash,Cancelled,Jayaraman Group,dasethan@johal-naidu.com,42,No,0
ORD1696,14-11-2025,20-11-2025,CUST569,Qasim Savant,Consumer,PROD280,Pen,Office Supplies,West,Tripura,Rohtak,4,10089,10,36320.4,18418.17,17902.23,UPI,Returned,Dugar Inc,wpau@vaidya-zachariah.com,2,Yes,34
ORD1697,22-08-2025,26-08-2025,CUST981,Tanay Rajagopalan,Corporate,PROD296,Headphones,Electronics,West,Andhra Pradesh,Proddatur,6,10836,0,65016,39986.85,25029.15,Net Banking,Cancelled,Ahuja-Narayan,saumya54@anand.com,21,No,0
ORD1698,24-04-2024,25-04-2024,CUST651,Jagvi Vohra,Consumer,PROD497,Rice Bag,Grocery,South,Uttar Pradesh,Hapur,10,7591,5,72114.5,48905.76,23208.74,Net Banking,Cancelled,Deo Inc,pailaban@chandran-grewal.net,16,No,0
ORD1699,24-02-2025,3/2/2025,CUST596,Warhi Brahmbhatt,Home Office,PROD289,Study Table,Furniture,North,Arunachal Pradesh,Jammu,9,7683,15,58774.95,28124.79,30650.16,Cash,Delivered,Lala Group,charlesraval@nadig.com,47,No,0
ORD1700,5/2/2024,5/3/2024,CUST954,Pallavi Parmar,Home Office,PROD850,Study Table,Furniture,West,Rajasthan,Udaipur,5,8344,5,39634,20959.16,18674.84,Net Banking,Cancelled,Tailor-Chaudhuri,nihalsant@maharaj-nair.com,21,No,0
ORD1701,21-11-2023,23-11-2023,CUST749,Ikbal Ramaswamy,Consumer,PROD785,Pen,Office Supplies,South,Gujarat,Bardhaman,2,9796,0,19592,12159.27,7432.73,Net Banking,Pending,"Thaman, Sankaran and Sarna",msha@banik-arora.net,7,Yes,44
ORD1702,7/6/2024,13-07-2024,CUST443,Sanya Samra,Corporate,PROD887,Notebook,Office Supplies,West,Karnataka,Tirupati,8,1204,0,9632,3407.32,6224.68,Credit Card,Returned,"Gour, Kar and Sekhon",pushti90@prashad-ram.biz,36,No,0
ORD1703,20-08-2023,26-08-2023,CUST145,Manya Mander,Consumer,PROD726,Laptop,Electronics,West,Odisha,Latur,5,1397,0,6985,4223.92,2761.08,Cash,Pending,Devan PLC,ybal@aurora-bhakta.com,15,No,0
ORD1704,21-09-2025,25-09-2025,CUST491,Vansha Narayanan,Consumer,PROD957,Study Table,Furniture,South,Chhattisgarh,Dehri,8,10766,20,68902.4,34866.68,34035.72,Net Banking,Delivered,"Sachdev, Karnik and Kari",lanand@thaman-nagy.org,19,No,0
ORD1705,24-11-2025,25-11-2025,CUST573,Manan Bala,Consumer,PROD823,Calculator,Office Supplies,South,Assam,Khammam,7,2364,5,15720.6,5684.34,10036.26,Net Banking,Returned,"Ranganathan, Srinivasan and Hayre",moommen@malhotra.biz,43,No,0
ORD1706,16-09-2023,18-09-2023,CUST820,Indali Ganguly,Consumer,PROD286,Monitor,Electronics,East,Nagaland,Srinagar,5,5389,10,24250.5,17639.63,6610.87,UPI,Pending,"Swaminathan, Dixit and Dhar",jagratiraj@krishnan-hayer.com,26,No,0
ORD1707,28-05-2026,30-05-2026,CUST682,Jagrati Lal,Consumer,PROD549,File Folder,Office Supplies,South,Andhra Pradesh,Kumbakonam,1,7700,0,7700,2627.17,5072.83,Cash,Cancelled,Vig Ltd,zhayer@bose.net,42,No,0
ORD1708,15-08-2025,17-08-2025,CUST749,Leela Shah,Home Office,PROD853,Keyboard,Electronics,North,Karnataka,Bettiah,2,5360,20,8576,4688.66,3887.34,Net Banking,Cancelled,"Kapoor, Maharaj and Padmanabhan",prabhakarchakradev@kanda-mander.net,20,No,0
ORD1709,30-06-2024,7/1/2024,CUST271,Mohini Bandi,Corporate,PROD770,File Folder,Office Supplies,South,Goa,Kolkata,9,12075,10,97807.5,38626.45,59181.05,Cash,Returned,Dhaliwal Ltd,borameghana@dash.net,49,No,0
ORD1710,1/4/2026,1/8/2026,CUST845,Varenya Saha,Consumer,PROD396,Keyboard,Electronics,North,Gujarat,Gurgaon,5,347,10,1561.5,916.97,644.53,Credit Card,Returned,Varty LLC,upma64@puri.org,22,No,0
ORD1711,24-10-2025,25-10-2025,CUST256,Anita Vohra,Corporate,PROD976,Pen,Office Supplies,South,Chhattisgarh,Visakhapatnam,1,9151,0,9151,6673.87,2477.13,UPI,Returned,Lall-Maharaj,gkapoor@ahluwalia.org,50,No,0
ORD1712,29-10-2023,31-10-2023,CUST636,Ridhi Korpal,Consumer,PROD318,Cooking Oil,Grocery,West,Madhya Pradesh,Aurangabad,8,14027,0,112216,55478.88,56737.12,Cash,Delivered,"Rastogi, Pai and Soman",tamanna94@sachdev.net,2,Yes,26
ORD1713,11/12/2025,14-11-2025,CUST963,Indali Kulkarni,Home Office,PROD264,Monitor,Electronics,South,Himachal Pradesh,Giridih,5,11104,20,44416,23021.38,21394.62,Cash,Pending,Mohan-Datta,rpathak@murty.net,24,No,0
ORD1714,15-07-2026,20-07-2026,CUST739,Yoshita Gaba,Corporate,PROD114,Office Chairs,Furniture,South,Sikkim,Panvel,7,6161,10,38814.3,16678.94,22135.36,Credit Card,Cancelled,Bera-Saxena,neha69@purohit.info,28,No,0
ORD1715,14-04-2024,16-04-2024,CUST850,Charan Dixit,Home Office,PROD544,Rice Bag,Grocery,West,Sikkim,Bokaro,6,3427,20,16449.6,9473.27,6976.33,Net Banking,Delivered,"Hans, Badami and Doshi",udyatishan@master-krishna.com,3,Yes,22
ORD1716,16-08-2025,17-08-2025,CUST760,Bishakha Chad,Consumer,PROD624,Sofa,Furniture,East,Mizoram,Sambalpur,4,13758,20,44025.6,22547.04,21478.56,Net Banking,Delivered,"Subramaniam, Narula and Lala",rhegde@saxena.com,11,No,0
ORD1717,13-02-2026,14-02-2026,CUST692,Gunbir Modi,Corporate,PROD446,Calculator,Office Supplies,East,Nagaland,Tinsukia,6,5131,0,30786,12706.47,18079.53,Cash,Returned,Sanghvi PLC,zashilkunda@viswanathan.com,5,Yes,43
ORD1718,31-08-2023,9/4/2023,CUST405,Vritti Dutt,Corporate,PROD508,Cooking Oil,Grocery,West,Jharkhand,Bhiwandi,10,13627,5,129456.5,68517.88,60938.62,UPI,Cancelled,Wali Group,avni92@aggarwal.net,29,No,0
ORD1719,7/10/2025,7/11/2025,CUST801,Tamanna Sridhar,Home Office,PROD505,Monitor,Electronics,South,Uttarakhand,Siwan,6,8902,5,50741.4,21539.67,29201.73,Net Banking,Pending,Kanda-Jhaveri,raghav12@goswami-mitra.com,24,No,0
ORD1720,15-04-2025,19-04-2025,CUST471,Hredhaan Karpe,Corporate,PROD362,Stapler,Office Supplies,North,Meghalaya,Bongaigaon,5,10826,15,46010.5,20998.84,25011.66,Net Banking,Returned,"Seshadri, Saha and Narasimhan",nathjagvi@brar-srinivas.com,47,No,0
ORD1721,16-01-2026,19-01-2026,CUST841,Dhruv Memon,Corporate,PROD260,Rice Bag,Grocery,North,Madhya Pradesh,Khora ,6,12672,10,68428.8,53205.87,15222.93,Credit Card,Returned,Garg and Sons,bjha@saini-sanghvi.com,12,No,0
ORD1722,30-09-2023,10/6/2023,CUST659,Vasatika Kala,Home Office,PROD553,Cooking Oil,Grocery,West,Jharkhand,Visakhapatnam,10,13232,0,132320,44097.38,88222.62,UPI,Returned,Minhas Ltd,lankahardik@kota.org,8,Yes,30
ORD1723,19-09-2023,25-09-2023,CUST285,Kevin Palla,Home Office,PROD966,Keyboard,Electronics,South,Telangana,Tadepalligudem,7,3866,15,23002.7,8655.85,14346.85,UPI,Returned,"Mangat, Kara and Bhattacharyya",kchaudry@soni.com,28,No,0
ORD1724,14-05-2025,16-05-2025,CUST767,Nathaniel Kumer,Home Office,PROD952,Laptop,Electronics,East,Himachal Pradesh,Junagadh,4,14610,0,58440,27862.91,30577.09,Cash,Pending,Bal Ltd,xparsa@gokhale.com,25,No,0
ORD1725,2/8/2024,2/12/2024,CUST488,Yauvani Nanda,Corporate,PROD956,Bookshelf,Furniture,South,Uttar Pradesh,Bathinda,2,8887,0,17774,8843.59,8930.41,Net Banking,Returned,"Trivedi, Sundaram and Bhasin",idasgupta@mutti.net,2,Yes,28
ORD1726,17-09-2025,22-09-2025,CUST456,Yuvraj Baral,Consumer,PROD812,Dining Table,Furniture,South,Uttarakhand,Mangalore,4,315,10,1134,706.25,427.75,Cash,Pending,"Desai, Grover and Prabhu",hredhaan35@parmar.com,7,Yes,35
ORD1727,18-10-2024,19-10-2024,CUST838,Aachal De,Consumer,PROD550,Calculator,Office Supplies,West,Chhattisgarh,Agartala,9,234,20,1684.8,561.72,1123.08,Cash,Delivered,Wable Inc,battadhruv@aggarwal.com,5,Yes,41
ORD1728,30-11-2023,12/6/2023,CUST926,Yashoda Yogi,Corporate,PROD567,Laptop,Electronics,South,Tamil Nadu,Moradabad,9,4419,0,39771,17618.88,22152.12,Net Banking,Cancelled,Balay-Sanghvi,kabir65@dasgupta.com,31,No,0
ORD1729,6/3/2026,6/9/2026,CUST492,Farhan Pradhan,Corporate,PROD303,Calculator,Office Supplies,North,Meghalaya,Bhavnagar,7,3833,0,26831,14000.04,12830.96,Credit Card,Pending,Mangal-Sha,vaishnavibhasin@bhavsar.com,35,No,0
ORD1730,28-01-2025,2/4/2025,CUST962,Anay Ramesh,Corporate,PROD513,Headphones,Electronics,North,Meghalaya,Thiruvananthapuram,4,10784,20,34508.8,23760.71,10748.09,Cash,Pending,Mannan Inc,riya77@lall-sule.com,15,No,0
ORD1731,13-01-2024,17-01-2024,CUST290,Balhaar Raja,Corporate,PROD478,Sofa,Furniture,East,Mizoram,Giridih,4,2623,10,9442.8,4713.78,4729.02,Credit Card,Pending,"Goyal, Vyas and Tara",borachavvi@grover.biz,30,No,0
ORD1732,7/4/2024,7/6/2024,CUST834,Chatura Modi,Home Office,PROD218,Cooking Oil,Grocery,North,Arunachal Pradesh,Muzaffarpur,3,4604,5,13121.4,9867.41,3253.99,Net Banking,Pending,Bumb Ltd,ishitabuch@varty.com,33,No,0
ORD1733,19-03-2024,24-03-2024,CUST906,Yachana Som,Corporate,PROD723,Notebook,Office Supplies,North,Bihar,Begusarai,9,5134,20,36964.8,21248.49,15716.31,Net Banking,Returned,Reddy-Dayal,megha15@venkataraman-magar.com,20,No,0
ORD1734,17-01-2025,19-01-2025,CUST744,Aachal Bahri,Consumer,PROD367,Stapler,Office Supplies,South,Kerala,Siliguri,4,8228,0,32912,23167.51,9744.49,UPI,Returned,Barad-Chauhan,ishani16@misra-mahal.com,13,No,0
ORD1735,23-03-2026,26-03-2026,CUST706,Geetika Dani,Consumer,PROD827,File Folder,Office Supplies,North,Tripura,Hapur,4,10347,0,41388,26453.44,14934.56,Credit Card,Returned,Srinivas LLC,usetty@jhaveri.com,9,Yes,29
ORD1736,24-10-2025,25-10-2025,CUST591,Udyati Mander,Home Office,PROD185,Dining Table,Furniture,West,Punjab,Bhagalpur,8,14736,0,117888,48461.31,69426.69,Cash,Returned,"Balay, Buch and Dalal",balvanhegde@yohannan-warrior.com,46,No,0
ORD1737,15-10-2023,21-10-2023,CUST528,Bhavani Dube,Consumer,PROD612,Cooking Oil,Grocery,South,West Bengal,Tumkur,2,14615,10,26307,20422.23,5884.77,UPI,Delivered,Bose-Chaudry,nandini99@raghavan.com,15,No,0
ORD1738,10/10/2024,15-10-2024,CUST358,Bhanumati Naidu,Consumer,PROD444,Rice Bag,Grocery,North,Karnataka,Madhyamgram,1,14504,20,11603.2,6818.72,4784.48,Cash,Returned,Sehgal Group,turvichakrabarti@sahni.com,28,No,0
ORD1739,30-06-2026,7/6/2026,CUST634,Fariq Mody,Home Office,PROD322,File Folder,Office Supplies,West,Odisha,Kochi,10,12248,20,97984,39526.71,58457.29,Credit Card,Cancelled,Char and Sons,modisneha@varkey.biz,24,No,0
ORD1740,13-09-2025,18-09-2025,CUST152,Damyanti Kumer,Home Office,PROD893,Cooking Oil,Grocery,North,Uttarakhand,Sonipat,8,12182,15,82837.6,58396.31,24441.29,Cash,Pending,Ganesh-Bawa,sarnazaitra@rattan.com,35,No,0
ORD1741,16-10-2023,21-10-2023,CUST981,Imaran Gokhale,Corporate,PROD848,Study Table,Furniture,East,Uttarakhand,Nagpur,1,7544,10,6789.6,4248.12,2541.48,Net Banking,Returned,Madan-Tata,duaaditya@bhatt-babu.com,3,Yes,30
ORD1742,31-10-2023,11/2/2023,CUST102,Vidhi Shankar,Corporate,PROD275,Rice Bag,Grocery,South,Arunachal Pradesh,Silchar,9,4274,5,36542.7,20259.05,16283.65,Net Banking,Cancelled,Krishnamurthy LLC,nbhargava@desai-garg.com,18,No,0
ORD1743,18-07-2025,23-07-2025,CUST422,Tanvi Agarwal,Corporate,PROD326,Headphones,Electronics,West,Telangana,Jhansi,2,8559,15,14550.3,4562.85,9987.45,Credit Card,Pending,"D’Alia, Bala and Sahni",pkakar@oza.com,23,No,0
ORD1744,6/8/2024,15-06-2024,CUST964,Wazir Goswami,Consumer,PROD107,Office Chairs,Furniture,South,Himachal Pradesh,Gwalior,1,6316,10,5684.4,3432.15,2252.25,Cash,Pending,Sandal-Sem,henryseshadri@hari-virk.com,40,No,0
ORD1745,21-02-2024,25-02-2024,CUST561,Akshay Goda,Consumer,PROD592,Mouse,Electronics,North,Meghalaya,Serampore,7,3691,5,24545.15,7871.75,16673.4,Cash,Cancelled,Kanda-Sane,karanagastya@rege.com,48,No,0
ORD1746,23-04-2024,29-04-2024,CUST328,Devika Hayer,Consumer,PROD333,Sofa,Furniture,West,Himachal Pradesh,Meerut,7,10518,15,62582.1,29959.43,32622.67,UPI,Returned,"Balasubramanian, Bandi and Lad",aarush69@shankar-trivedi.com,5,Yes,43
ORD1747,10/2/2025,10/5/2025,CUST624,Baljiwan Agrawal,Home Office,PROD913,Rice Bag,Grocery,South,Assam,Munger,1,5119,10,4607.1,2421.52,2185.58,Cash,Delivered,Dhaliwal Ltd,hchopra@kanda.com,39,No,0
ORD1748,5/11/2025,5/12/2025,CUST687,Jason Dara,Corporate,PROD202,Sofa,Furniture,South,Rajasthan,Thane,10,2824,15,24004,17159.2,6844.8,UPI,Cancelled,Bhatnagar-Amble,sharafnathan@bava.net,18,No,0
ORD1749,19-09-2025,26-09-2025,CUST328,Hiral Kar,Consumer,PROD195,Dining Table,Furniture,West,Punjab,Suryapet,4,626,10,2253.6,1351.53,902.07,UPI,Pending,Garg and Sons,radharatta@bala.com,42,No,0
ORD1750,18-09-2025,21-09-2025,CUST911,Ranbir Gade,Home Office,PROD722,Sofa,Furniture,East,Punjab,Bhusawal,8,4484,15,30491.2,9571.14,20920.06,Cash,Returned,Mall-Ratta,prisha99@bhardwaj.biz,36,No,0
ORD1751,21-01-2024,22-01-2024,CUST149,Naksh Kakar,Corporate,PROD596,Dining Table,Furniture,South,Haryana,Hapur,4,8993,5,34173.4,18718.39,15455.01,Cash,Pending,Sawhney Inc,chakrika11@madan.com,26,No,0
ORD1752,27-08-2024,29-08-2024,CUST523,Harinakshi Contractor,Corporate,PROD451,Monitor,Electronics,South,Uttarakhand,Kirari Suleman Nagar,8,5114,15,34775.2,13090.9,21684.3,Net Banking,Pending,"Pal, Prasad and Kapur",inayasavant@karpe-swaminathan.org,22,No,0
ORD1753,22-01-2026,23-01-2026,CUST526,Ekanta Andra,Corporate,PROD272,Cooking Oil,Grocery,South,Nagaland,Rourkela,1,2855,0,2855,1270.6,1584.4,Cash,Delivered,"Agarwal, Kota and Rai",dkala@sankar.info,4,Yes,46
ORD1754,18-09-2025,24-09-2025,CUST260,Pranav Garde,Home Office,PROD210,Office Chairs,Furniture,East,Arunachal Pradesh,Mau,9,6213,15,47529.45,18150.79,29378.66,Credit Card,Delivered,Dora-Hora,jacob30@choudhury.net,24,No,0
ORD1755,25-07-2025,30-07-2025,CUST965,Simon Hora,Corporate,PROD123,Cooking Oil,Grocery,East,Nagaland,Aligarh,7,1027,15,6110.65,3712.51,2398.14,Credit Card,Delivered,Vaidya-Kakar,jgandhi@sibal.info,29,No,0
ORD1756,19-03-2025,23-03-2025,CUST381,Vritti Sampath,Home Office,PROD365,Bookshelf,Furniture,West,Jharkhand,Loni,5,13173,10,59278.5,24104.98,35173.52,UPI,Cancelled,"Date, Vig and Ben",faqid21@morar.com,33,No,0
ORD1757,7/7/2026,14-07-2026,CUST933,Gauri Shanker,Home Office,PROD233,Pen,Office Supplies,East,Assam,Raebareli,7,3817,15,22711.15,9881.48,12829.67,UPI,Delivered,"Ravel, Garde and Sibal",chandanisangha@bose.org,44,No,0
ORD1758,12/6/2023,12/9/2023,CUST487,Dayita Sehgal,Corporate,PROD246,Study Table,Furniture,North,Punjab,Bhiwandi,9,6059,0,54531,37226.29,17304.71,Net Banking,Cancelled,Khalsa-Koshy,krishachaudhry@saxena-bakshi.com,36,No,0
ORD1759,18-01-2024,20-01-2024,CUST240,Saanvi Sheth,Consumer,PROD734,Monitor,Electronics,North,Uttarakhand,Malegaon,1,12836,10,11552.4,5659.55,5892.85,Cash,Pending,Palla LLC,karan47@chana.com,43,No,0
ORD1760,13-12-2023,15-12-2023,CUST862,Rayaan Oak,Consumer,PROD368,Office Chairs,Furniture,North,Bihar,Karawal Nagar,9,9786,20,70459.2,45062.27,25396.93,Net Banking,Pending,Kapur LLC,girik02@de-datta.com,11,No,0
ORD1761,27-01-2026,2/2/2026,CUST809,Triya Patla,Corporate,PROD354,Mouse,Electronics,North,Bihar,Raurkela Industrial Township,3,10909,20,26181.6,16745.3,9436.3,UPI,Delivered,"Bail, Kota and Bera",leela35@kumar-pingle.biz,3,Yes,21
ORD1762,25-04-2026,29-04-2026,CUST126,Laksh Rajan,Consumer,PROD721,File Folder,Office Supplies,South,Mizoram,Bally,10,6303,15,53575.5,18929.72,34645.78,UPI,Delivered,Cheema Group,vasanabajaj@goda-sood.biz,9,Yes,34
ORD1763,13-02-2024,15-02-2024,CUST365,Sanaya Kade,Corporate,PROD612,Keyboard,Electronics,South,Kerala,Tumkur,5,2121,5,10074.75,5011.52,5063.23,Net Banking,Delivered,Ratti Ltd,darikasankaran@bhatti.com,35,No,0
ORD1764,12/8/2025,13-12-2025,CUST337,Bimala Kamdar,Corporate,PROD660,Pen,Office Supplies,South,Manipur,Ambarnath,9,275,15,2103.75,1289.17,814.58,UPI,Cancelled,Narang-Ramesh,kalpitdada@kata-thakur.com,28,No,0
ORD1765,3/11/2025,15-03-2025,CUST154,Liam Nagy,Consumer,PROD778,Cooking Oil,Grocery,North,Gujarat,Warangal,1,12497,0,12497,6205.63,6291.37,Net Banking,Cancelled,"Balay, Boase and Amble",balhaar82@jha.com,5,Yes,24
ORD1766,27-05-2024,29-05-2024,CUST266,Udant Balan,Home Office,PROD928,Study Table,Furniture,East,Assam,Amroha,6,12107,15,61745.7,33565.72,28179.98,Credit Card,Delivered,"Wadhwa, Mammen and Dhingra",pperi@chada.biz,19,No,0
ORD1767,23-03-2025,26-03-2025,CUST248,Ojas Oak,Corporate,PROD818,File Folder,Office Supplies,East,Arunachal Pradesh,Thane,5,10614,0,53070,29683.87,23386.13,UPI,Delivered,Dave-Wason,bavaurvi@pillay.info,16,No,0
ORD1768,5/5/2025,5/7/2025,CUST311,Urvi Borra,Consumer,PROD905,Stapler,Office Supplies,North,Goa,Suryapet,6,6068,20,29126.4,17785.93,11340.47,Net Banking,Delivered,Chand LLC,adwetaborah@kara.biz,37,No,0
ORD1769,3/11/2025,14-03-2025,CUST745,Chaaya Savant,Consumer,PROD797,Rice Bag,Grocery,West,Nagaland,Gangtok,2,12035,10,21663,17087.69,4575.31,Net Banking,Cancelled,Dave Ltd,ladojasvi@din.com,32,No,0
ORD1770,23-11-2025,28-11-2025,CUST736,Ojasvi Lala,Consumer,PROD619,Dining Table,Furniture,West,Jharkhand,Kumbakonam,9,13986,20,100699.2,79532.61,21166.59,Credit Card,Cancelled,"Munshi, Malhotra and Dalal",jackmajumdar@gola.com,30,No,0
ORD1771,2/12/2026,19-02-2026,CUST357,Aishani Dutta,Corporate,PROD507,Pen,Office Supplies,East,Karnataka,Howrah,2,7706,15,13100.2,6108.81,6991.39,Cash,Pending,Rastogi Ltd,ranveer28@parmer-grewal.com,24,No,0
ORD1772,17-06-2025,21-06-2025,CUST741,Chameli Suri,Home Office,PROD877,Office Chairs,Furniture,South,Mizoram,Gurgaon,5,9501,10,42754.5,14253.26,28501.24,UPI,Cancelled,"Balan, Rama and Rattan",dhawankavya@bobal.net,8,Yes,45
ORD1773,19-12-2025,23-12-2025,CUST643,Krish Handa,Consumer,PROD142,Laptop,Electronics,South,Kerala,Machilipatnam,2,6359,15,10810.3,5591.43,5218.87,Cash,Delivered,Chauhan-Dass,xpai@jha.com,25,No,0
ORD1774,16-05-2024,19-05-2024,CUST517,Jackson Sarin,Corporate,PROD933,Rice Bag,Grocery,North,Jharkhand,Bhind,6,8866,20,42556.8,31521.72,11035.08,Credit Card,Cancelled,Bedi Ltd,yamini18@suresh.com,2,Yes,23
ORD1775,15-11-2024,16-11-2024,CUST995,Rachit Tak,Consumer,PROD791,Pen,Office Supplies,East,Bihar,Raiganj,5,5520,10,24840,19511.84,5328.16,UPI,Delivered,"Kant, Sarna and Gulati",lloke@jha-sood.com,43,No,0
ORD1776,12/1/2024,12/6/2024,CUST591,Tripti Bose,Corporate,PROD179,Rice Bag,Grocery,South,Manipur,Pali,5,6420,15,27285,21420.15,5864.85,UPI,Delivered,Dutta Ltd,joshuamukhopadhyay@tailor.net,42,No,0
ORD1777,30-10-2024,31-10-2024,CUST784,Amol Dugal,Corporate,PROD703,Headphones,Electronics,South,Tripura,Agra,10,13840,5,131480,66620.69,64859.31,Cash,Delivered,Rao and Sons,igupta@kala.org,44,No,0
ORD1778,6/7/2026,14-06-2026,CUST954,Fariq Khurana,Consumer,PROD930,Rice Bag,Grocery,South,Meghalaya,Kalyan-Dombivli,7,2663,15,15844.85,6576.25,9268.6,Credit Card,Pending,"Madan, Chaudhary and Narayanan",udant74@suri-deep.net,46,No,0
ORD1779,12/9/2023,12/12/2023,CUST217,Hredhaan Bajwa,Consumer,PROD711,Pen,Office Supplies,East,Odisha,Mysore,8,1127,5,8565.2,4327.27,4237.93,Credit Card,Cancelled,Bhakta-Oak,patrick26@sankaran-setty.biz,1,Yes,32
ORD1780,14-02-2025,17-02-2025,CUST151,Omaja Rajan,Home Office,PROD573,Notebook,Office Supplies,North,Chhattisgarh,Purnia,10,4608,10,41472,27050.13,14421.87,Cash,Returned,Chatterjee-Soni,jagdish04@vohra.com,46,No,0
ORD1781,15-07-2025,20-07-2025,CUST669,Wyatt Warrior,Consumer,PROD754,Pen,Office Supplies,North,Manipur,Unnao,9,7423,10,60126.3,21049.47,39076.83,Cash,Delivered,Bora-Sankaran,matthewloyal@konda.net,22,No,0
ORD1782,28-10-2025,30-10-2025,CUST975,Amruta Pillai,Home Office,PROD820,Rice Bag,Grocery,South,Telangana,Shimoga,8,1584,10,11404.8,6075.54,5329.26,Credit Card,Cancelled,"Bandi, Krishnamurthy and Ahluwalia",benhritik@dugal-kalita.com,48,No,0
ORD1783,11/8/2025,11/10/2025,CUST473,Jonathan Gera,Corporate,PROD144,File Folder,Office Supplies,South,Himachal Pradesh,Kurnool,9,6003,20,43221.6,20762.8,22458.8,Cash,Pending,"Chokshi, Tiwari and Agrawal",karakiaan@pal.com,23,No,0
ORD1784,16-01-2025,19-01-2025,CUST704,Anjali Dora,Corporate,PROD481,Notebook,Office Supplies,North,Assam,Bilaspur,2,5460,20,8736,3011.21,5724.79,UPI,Cancelled,Patel Ltd,rajeshrisekhon@johal-nagarajan.com,6,Yes,36
ORD1785,13-06-2025,20-06-2025,CUST550,Urishilla Madan,Corporate,PROD784,Mouse,Electronics,North,Punjab,Bongaigaon,6,4499,0,26994,9757.79,17236.21,Credit Card,Pending,"Shere, Parmer and Om",samesh98@lanka.net,49,No,0
ORD1786,2/6/2025,2/7/2025,CUST782,Abeer Behl,Corporate,PROD376,Calculator,Office Supplies,West,Bihar,Satara,7,14302,10,90102.6,35962.91,54139.69,Cash,Delivered,"Bumb, Bora and Srinivas",vedadugar@dalia-lal.com,46,No,0
ORD1787,26-05-2025,29-05-2025,CUST551,Samar Bajwa,Corporate,PROD110,Calculator,Office Supplies,North,Nagaland,Patiala,6,8651,10,46715.4,20805.64,25909.76,Credit Card,Returned,Padmanabhan Inc,muttihardik@rana.com,13,No,0
ORD1788,12/3/2024,12/9/2024,CUST913,Shivani Dhawan,Consumer,PROD465,Bookshelf,Furniture,South,Bihar,Panchkula,10,2512,15,21352,8045.22,13306.78,Net Banking,Delivered,"Chandra, Subramanian and Goswami",inagi@parmer-upadhyay.info,29,No,0
ORD1789,26-04-2025,5/2/2025,CUST459,Jairaj Nanda,Consumer,PROD784,Bookshelf,Furniture,North,Meghalaya,Nagpur,7,5454,20,30542.4,13956.86,16585.54,Net Banking,Returned,Pillai Inc,osandhu@saraf.com,38,No,0
ORD1790,16-12-2023,20-12-2023,CUST111,Ojasvi Om,Consumer,PROD258,Keyboard,Electronics,North,Maharashtra,Haridwar,5,10103,15,42937.75,20779.19,22158.56,UPI,Delivered,Shenoy Ltd,charan82@korpal.com,15,No,0
ORD1791,3/11/2025,17-03-2025,CUST303,Harrison Khalsa,Home Office,PROD498,Calculator,Office Supplies,West,Chhattisgarh,Danapur,1,5970,20,4776,3482.39,1293.61,Credit Card,Returned,Khatri-Sahota,owen80@chaudhuri.com,23,No,0
ORD1792,4/1/2026,4/8/2026,CUST674,Victor Sandhu,Home Office,PROD938,Bookshelf,Furniture,West,Rajasthan,Udupi,1,11006,20,8804.8,5189.94,3614.86,Cash,Delivered,Misra-Garg,siddharthwalla@sibal.com,5,Yes,37
ORD1793,16-02-2026,19-02-2026,CUST695,Dhruv Sethi,Corporate,PROD446,Study Table,Furniture,North,Odisha,Kottayam,7,9573,0,67011,34323.56,32687.44,Cash,Delivered,"Deshpande, Deep and Sharma",wakeeta97@pillay-kar.com,4,Yes,24
ORD1794,23-08-2023,24-08-2023,CUST411,Ronith Doshi,Consumer,PROD597,Office Chairs,Furniture,West,Andhra Pradesh,Nangloi Jat,4,11816,20,37811.2,24957,12854.2,Cash,Delivered,Koshy LLC,ranveer13@bassi.com,47,No,0
ORD1795,6/4/2026,6/11/2026,CUST829,Aryan Narula,Corporate,PROD877,Rice Bag,Grocery,North,Telangana,Tirupati,7,12392,15,73732.4,24732.56,48999.84,Credit Card,Returned,Taneja-Dubey,pranitdhingra@chacko.biz,36,No,0
ORD1796,10/9/2023,15-10-2023,CUST780,Idika Mital,Consumer,PROD488,Cooking Oil,Grocery,South,Maharashtra,Jalgaon,6,10293,0,61758,45769.36,15988.64,Credit Card,Cancelled,Bakshi-Nayak,leela84@dayal.info,2,Yes,36
ORD1797,1/12/2025,13-01-2025,CUST396,Eesha Wali,Corporate,PROD618,Headphones,Electronics,West,Nagaland,Bijapur,5,5625,20,22500,17539.81,4960.19,Cash,Pending,Vaidya Ltd,wriddhishbasak@ray-shukla.org,45,No,0
ORD1798,3/7/2024,14-03-2024,CUST914,Karan Panchal,Consumer,PROD174,Pen,Office Supplies,North,Gujarat,Akola,7,3420,20,19152,13073.69,6078.31,Credit Card,Cancelled,"Sane, Swaminathan and Bath",madhavi16@lalla.org,12,No,0
ORD1799,3/8/2026,3/11/2026,CUST582,Bhavika Parekh,Home Office,PROD873,Notebook,Office Supplies,North,Karnataka,Panipat,4,5997,0,23988,10842.44,13145.56,Credit Card,Returned,Madan and Sons,ekantika01@raja.com,42,No,0
ORD1800,5/10/2026,17-05-2026,CUST466,Nitara Palan,Home Office,PROD521,Study Table,Furniture,North,Meghalaya,Malegaon,8,3097,15,21059.6,9711.38,11348.22,Net Banking,Pending,Agate-Edwin,rradhakrishnan@bhat.com,11,No,0
ORD1801,24-04-2025,25-04-2025,CUST441,Yashica Chandran,Consumer,PROD936,Mouse,Electronics,West,Gujarat,Jalgaon,4,5696,10,20505.6,13958.57,6547.03,Net Banking,Cancelled,Pingle PLC,sarthaksandhu@behl.com,33,No,0
ORD1802,23-05-2026,26-05-2026,CUST405,Yasti Nagarajan,Home Office,PROD321,Laptop,Electronics,South,Arunachal Pradesh,Singrauli,8,2088,20,13363.2,10250.84,3112.36,Cash,Cancelled,"Andra, Munshi and Dutta",bhatisha@atwal-divan.info,46,No,0
ORD1803,22-07-2025,23-07-2025,CUST300,Charita Chadha,Home Office,PROD688,File Folder,Office Supplies,East,Manipur,Adoni,2,13483,0,26966,9188.76,17777.24,Credit Card,Cancelled,Andra-Baria,rayaansaraf@karnik.com,28,No,0
ORD1804,4/6/2026,4/7/2026,CUST808,Ekbal Cheema,Consumer,PROD975,Stapler,Office Supplies,South,Haryana,Chandigarh,7,915,5,6084.75,2271.25,3813.5,Net Banking,Pending,"Sehgal, Saxena and Mutti",sanya77@singh.net,42,No,0
ORD1805,30-01-2026,2/1/2026,CUST939,Banjeet Nagy,Consumer,PROD808,Cooking Oil,Grocery,East,Goa,Jamnagar,2,4582,20,7331.2,4550.47,2780.73,Cash,Pending,Menon-Samra,miyengar@sarraf.net,38,No,0
ORD1806,27-05-2025,6/1/2025,CUST359,Deepa Pau,Corporate,PROD284,Dining Table,Furniture,North,Uttarakhand,Ujjain,4,10827,0,43308,23898.21,19409.79,Cash,Delivered,"Solanki, Vora and Jha",ekiya20@prakash-palla.com,10,No,0
ORD1807,18-11-2025,22-11-2025,CUST330,Manan Choudhary,Home Office,PROD739,Keyboard,Electronics,South,Bihar,Saharanpur,3,13013,10,35135.1,26512.38,8622.72,Credit Card,Pending,"Dube, Dewan and Tank",btripathi@bir-koshy.com,26,No,0
ORD1808,3/6/2024,13-03-2024,CUST187,Jeet Lad,Consumer,PROD741,Stapler,Office Supplies,North,Jharkhand,Nagpur,2,14969,20,23950.4,8377.76,15572.64,Net Banking,Cancelled,Patel-Pillay,isaiah81@roy-mangal.net,18,No,0
ORD1809,9/1/2025,9/8/2025,CUST993,Vivaan Sarin,Corporate,PROD882,Rice Bag,Grocery,East,Tripura,Ranchi,5,11976,0,59880,33886.58,25993.42,Net Banking,Pending,"Dhaliwal, Mall and Ahluwalia",satheupma@luthra.biz,1,Yes,23
ORD1810,17-07-2024,20-07-2024,CUST816,Vrinda Kar,Consumer,PROD512,Sofa,Furniture,North,Gujarat,Indore,7,3831,20,21453.6,14490.29,6963.31,UPI,Returned,Banerjee-Garde,koshyquincy@minhas.info,13,No,0
ORD1811,26-10-2023,31-10-2023,CUST628,Yashodhara Agate,Home Office,PROD992,Monitor,Electronics,West,Tamil Nadu,Aurangabad,1,1098,0,1098,645.84,452.16,UPI,Returned,Munshi-Murty,gshanker@agrawal-chaudry.com,37,No,0
ORD1812,5/4/2026,5/10/2026,CUST573,Sai Parekh,Home Office,PROD422,Pen,Office Supplies,South,Punjab,Satna,2,5245,15,8916.5,4034.05,4882.45,Credit Card,Cancelled,"Narula, Bahri and Pingle",wboase@rajan.com,33,No,0
ORD1813,31-05-2026,6/1/2026,CUST780,Mitesh Shah,Consumer,PROD431,Monitor,Electronics,East,Uttar Pradesh,Bhatpara,2,377,0,754,368.19,385.81,UPI,Returned,Date Group,maanav11@konda.com,20,No,0
ORD1814,23-06-2026,26-06-2026,CUST221,Ojas Bhatt,Home Office,PROD611,Rice Bag,Grocery,South,Madhya Pradesh,Guntakal,10,5258,20,42064,27649.87,14414.13,Cash,Pending,Lalla-Mital,chasmum24@ramachandran-sane.com,4,Yes,38
ORD1815,8/11/2024,8/12/2024,CUST187,Anthony Dhillon,Home Office,PROD887,Rice Bag,Grocery,East,Goa,Panipat,7,12459,20,69770.4,29151.52,40618.88,Cash,Returned,Rattan-Dave,urvashi70@rajan-ranganathan.net,10,No,0
ORD1816,22-11-2025,27-11-2025,CUST348,Niharika Doctor,Corporate,PROD874,Cooking Oil,Grocery,North,Uttarakhand,Kamarhati,9,4949,10,40086.9,22638.7,17448.2,Net Banking,Delivered,Gupta-Bose,dalbir57@uppal-savant.net,50,No,0
ORD1817,23-09-2025,25-09-2025,CUST570,Praneel Sachdev,Corporate,PROD488,Bookshelf,Furniture,West,Uttarakhand,Ichalkaranji,4,14064,10,50630.4,36234.87,14395.53,Cash,Delivered,D’Alia-Khanna,doradalbir@sankar.com,42,No,0
ORD1818,14-03-2026,17-03-2026,CUST259,Leela Prabhu,Consumer,PROD322,Stapler,Office Supplies,South,Himachal Pradesh,Sambhal,9,2710,15,20731.5,12221.34,8510.16,Credit Card,Returned,Murthy Ltd,kraman@brahmbhatt.com,41,No,0
ORD1819,9/10/2023,13-09-2023,CUST815,Naksh Bora,Home Office,PROD156,Rice Bag,Grocery,North,Madhya Pradesh,Pallavaram,2,6846,15,11638.2,4261.65,7376.55,Credit Card,Returned,Pradhan Group,chanakya32@iyer.net,43,No,0
ORD1820,29-08-2025,9/5/2025,CUST320,Gagan Krishnamurthy,Home Office,PROD853,Headphones,Electronics,East,Himachal Pradesh,Kanpur,1,5670,5,5386.5,4009.51,1376.99,Cash,Returned,Gandhi LLC,gangulyvarenya@soni-lad.biz,48,No,0
ORD1821,23-08-2024,30-08-2024,CUST189,Sneha Chaudhry,Home Office,PROD796,Headphones,Electronics,North,Kerala,Gorakhpur,5,3428,20,13712,8720.09,4991.91,Credit Card,Returned,Bhatt-Ray,harini27@srinivas.biz,13,No,0
ORD1822,7/3/2026,7/8/2026,CUST525,Yug Borra,Corporate,PROD162,Monitor,Electronics,East,Punjab,Tiruchirappalli,2,2408,10,4334.4,1500.94,2833.46,Net Banking,Delivered,Gandhi-Apte,lagate@chokshi.com,8,Yes,42
ORD1823,6/10/2024,16-06-2024,CUST723,Vyanjana Kannan,Home Office,PROD450,Rice Bag,Grocery,South,Maharashtra,Mira-Bhayandar,7,6569,0,45983,29346.35,16636.65,Credit Card,Pending,"Ratti, Nayar and Deo",ryanpatla@sachdev.com,19,No,0
ORD1824,11/4/2025,11/8/2025,CUST933,Mahika Bhatia,Home Office,PROD854,Notebook,Office Supplies,South,Assam,Darbhanga,10,9141,0,91410,66346.4,25063.6,Net Banking,Delivered,Sagar-Taneja,yadavi13@solanki.com,8,Yes,36
ORD1825,6/9/2025,13-06-2025,CUST607,Maanav Gill,Consumer,PROD565,Monitor,Electronics,West,West Bengal,Chennai,7,1785,10,11245.5,3550.03,7695.47,UPI,Delivered,"Bala, Apte and Andra",horavrishti@nigam.com,42,No,0
ORD1826,6/6/2024,6/11/2024,CUST879,Vedika Mani,Corporate,PROD474,Mouse,Electronics,West,West Bengal,Bhilai,4,5032,15,17108.8,10774.33,6334.47,Net Banking,Delivered,Dewan-Devi,gulatihemangini@khosla-agate.com,50,No,0
ORD1827,23-04-2024,25-04-2024,CUST162,Dipta Dugar,Corporate,PROD691,Cooking Oil,Grocery,South,Odisha,Secunderabad,8,1446,20,9254.4,4958.07,4296.33,Net Banking,Delivered,Kohli Group,lbir@kadakia.biz,26,No,0
ORD1828,9/6/2025,9/8/2025,CUST635,Qadim Chanda,Corporate,PROD156,File Folder,Office Supplies,East,Uttarakhand,Panihati,1,3890,15,3306.5,2228.77,1077.73,Cash,Returned,"Ganguly, Ram and Nagarajan",harini79@sankaran-patel.com,8,Yes,50
ORD1829,14-08-2025,20-08-2025,CUST819,Radhika Bumb,Consumer,PROD319,Headphones,Electronics,North,Tripura,Sri Ganganagar,6,13192,15,67279.2,39931.26,27347.94,Cash,Pending,Som Ltd,rajurishi@kalla.com,40,No,0
ORD1830,19-06-2026,24-06-2026,CUST247,Chakradev Iyengar,Home Office,PROD169,Cooking Oil,Grocery,South,Bihar,Bally,3,5824,20,13977.6,8094.33,5883.27,Net Banking,Returned,Shanker-Nanda,jack74@suri.org,21,No,0
ORD1831,8/1/2026,8/4/2026,CUST723,Rajeshri Saini,Consumer,PROD649,Mouse,Electronics,North,Punjab,Nanded,6,3026,5,17248.2,10409.66,6838.54,UPI,Delivered,Deo Group,mannandevansh@ramanathan.com,26,No,0
ORD1832,24-02-2024,28-02-2024,CUST502,Jacob Deshmukh,Consumer,PROD475,Rice Bag,Grocery,West,Madhya Pradesh,Nagercoil,9,7890,20,56808,29386.42,27421.58,Cash,Delivered,Banerjee-Char,gaurangi89@kari.biz,27,No,0
ORD1833,26-02-2024,3/4/2024,CUST823,Reyansh Chowdhury,Corporate,PROD184,Rice Bag,Grocery,North,Punjab,Ujjain,6,13152,20,63129.6,22163.22,40966.38,UPI,Pending,Din Ltd,vinaya81@prabhakar.com,37,No,0
ORD1834,15-02-2026,21-02-2026,CUST598,Forum Parmer,Consumer,PROD325,Rice Bag,Grocery,North,Odisha,Firozabad,7,1058,15,6295.1,2475.93,3819.17,Net Banking,Returned,Bedi LLC,odesai@mishra.com,38,No,0
ORD1835,7/11/2026,7/12/2026,CUST394,Nimrat Banerjee,Home Office,PROD332,Rice Bag,Grocery,West,Tamil Nadu,Kishanganj,5,2106,0,10530,6416.65,4113.35,Net Banking,Returned,Keer Ltd,sampathchristopher@sharma.com,22,No,0
ORD1836,31-05-2024,6/4/2024,CUST878,Tanveer Raghavan,Corporate,PROD234,Rice Bag,Grocery,East,Chhattisgarh,Sirsa,3,7641,15,19484.55,6071.58,13412.97,Credit Card,Delivered,"Guha, Loyal and Dyal",naggarwal@sekhon.com,27,No,0
ORD1837,28-01-2026,2/4/2026,CUST861,Baghyawati Prashad,Corporate,PROD636,Calculator,Office Supplies,South,Mizoram,Alwar,6,10262,15,52336.2,28806.19,23530.01,Credit Card,Returned,Bakshi-Bahl,menonaditya@srinivasan.com,18,No,0
ORD1838,12/6/2025,13-12-2025,CUST285,Avi Bath,Home Office,PROD752,Rice Bag,Grocery,West,Haryana,Bahraich,10,12645,5,120127.5,39557.91,80569.59,Credit Card,Delivered,"Swamy, Pradhan and Dey",ojasvi95@sachdeva.com,34,No,0
ORD1839,28-01-2026,2/1/2026,CUST370,Anirudh Butala,Corporate,PROD348,Headphones,Electronics,North,Himachal Pradesh,Katni,6,4484,0,26904,14704.12,12199.88,UPI,Pending,"Hans, Sagar and Kothari",subramanianpraneel@dhawan.net,3,Yes,28
ORD1840,25-02-2024,26-02-2024,CUST740,Hemangini Nazareth,Home Office,PROD478,Headphones,Electronics,West,Telangana,Delhi,9,11158,10,90379.8,66165.03,24214.77,UPI,Delivered,Bains-Karnik,bnath@agarwal.net,12,No,0
ORD1841,30-03-2026,31-03-2026,CUST140,Keya Kanda,Consumer,PROD107,Rice Bag,Grocery,South,Bihar,Bhimavaram,1,7568,0,7568,3532.93,4035.07,Net Banking,Returned,"Sridhar, Sandhu and Lall",elijah52@dhingra.biz,21,No,0
ORD1842,4/11/2026,16-04-2026,CUST923,George Murthy,Consumer,PROD306,Laptop,Electronics,South,Gujarat,Karnal,5,7350,15,31237.5,20684.3,10553.2,UPI,Pending,"Natarajan, Yogi and Lad",janyaghosh@yogi-merchant.org,18,No,0
ORD1843,17-03-2026,18-03-2026,CUST739,Panini Grover,Consumer,PROD598,Pen,Office Supplies,West,Chhattisgarh,Bhimavaram,4,9546,10,34365.6,15399.48,18966.12,UPI,Pending,Goel-Gokhale,charlessaini@bhattacharyya-bobal.com,12,No,0
ORD1844,6/1/2025,6/8/2025,CUST698,Saanvi Anand,Corporate,PROD568,Calculator,Office Supplies,East,Maharashtra,Belgaum,8,12115,15,82382,34163.28,48218.72,Cash,Cancelled,Pall-Badami,max72@korpal-hegde.com,15,No,0
ORD1845,12/12/2025,14-12-2025,CUST359,Rishi Chopra,Consumer,PROD887,Mouse,Electronics,South,Mizoram,Farrukhabad,4,13324,0,53296,32003.84,21292.16,Credit Card,Cancelled,Shan Inc,wvarkey@dhillon.net,22,No,0
ORD1846,9/7/2024,13-09-2024,CUST244,Anusha Dhawan,Consumer,PROD617,Office Chairs,Furniture,South,Sikkim,Ranchi,9,2648,15,20257.2,13421.6,6835.6,UPI,Pending,"Sarna, Chahal and Sidhu",revamukhopadhyay@dube.com,49,No,0
ORD1847,20-05-2026,22-05-2026,CUST657,Jonathan Vora,Corporate,PROD159,Sofa,Furniture,North,Tripura,Bijapur,7,11559,0,80913,39557.73,41355.27,UPI,Delivered,Balan Ltd,sagarxiti@dhillon-maharaj.com,24,No,0
ORD1848,27-03-2024,4/1/2024,CUST686,George Oak,Home Office,PROD178,Rice Bag,Grocery,East,Tripura,Bulandshahr,5,1690,20,6760,4538.46,2221.54,Net Banking,Returned,"Khalsa, Balakrishnan and Sangha",matthewmody@rajan-grover.info,35,No,0
ORD1849,15-08-2023,19-08-2023,CUST371,Damini Kothari,Home Office,PROD404,Cooking Oil,Grocery,East,Andhra Pradesh,Jamalpur,3,1269,0,3807,2886.36,920.64,Cash,Pending,Bhatnagar-Mital,aahana95@chacko-deol.com,38,No,0
ORD1850,24-06-2025,29-06-2025,CUST864,Lekha Pal,Corporate,PROD742,Notebook,Office Supplies,West,Bihar,Aurangabad,5,617,10,2776.5,2209.38,567.12,Net Banking,Pending,Mistry-Pal,sanya58@singhal.com,50,No,0
ORD1851,11/2/2024,11/6/2024,CUST352,Robert Keer,Consumer,PROD150,Notebook,Office Supplies,South,Rajasthan,Sambalpur,8,13459,0,107672,70182.16,37489.84,Net Banking,Returned,Dalal LLC,indiravora@apte-bhatti.org,33,No,0
ORD1852,27-07-2026,31-07-2026,CUST459,Gayathri Shroff,Home Office,PROD276,Cooking Oil,Grocery,West,Andhra Pradesh,Madanapalle,6,1905,10,10287,4020.45,6266.55,Credit Card,Delivered,"Mall, Dada and Badami",brindakalla@sagar.com,36,No,0
ORD1853,11/7/2025,11/9/2025,CUST509,Nilima Nazareth,Consumer,PROD200,Bookshelf,Furniture,East,Uttar Pradesh,Miryalaguda,10,6269,5,59555.5,19002.43,40553.07,Cash,Cancelled,Malhotra-Mani,gaurikala@dhar.com,16,No,0
ORD1854,23-05-2026,24-05-2026,CUST603,Devansh Sethi,Corporate,PROD719,Rice Bag,Grocery,East,Himachal Pradesh,Ambattur,9,12030,0,108270,57543.34,50726.66,Cash,Delivered,Shanker Group,ewason@sankar.com,3,Yes,36
ORD1855,9/7/2025,9/12/2025,CUST537,Avni Lalla,Consumer,PROD497,Study Table,Furniture,North,Himachal Pradesh,Kolhapur,4,4180,0,16720,10719.01,6000.99,UPI,Cancelled,"Mandal, Chaudry and Iyer",yashodharasampath@buch-ray.net,21,No,0
ORD1856,15-09-2025,16-09-2025,CUST387,Mugdha Kant,Consumer,PROD425,Dining Table,Furniture,South,Uttarakhand,Raipur,4,9409,5,35754.2,15268.71,20485.49,Net Banking,Delivered,"Vasa, D’Alia and Rao",yoshita57@chander.org,28,No,0
ORD1857,22-07-2024,24-07-2024,CUST788,Jasmit Dutt,Corporate,PROD121,Mouse,Electronics,East,Karnataka,Ramgarh,4,10461,0,41844,19279.94,22564.06,UPI,Cancelled,"Chahal, Borde and Apte",xbassi@lad-rama.com,19,No,0
ORD1858,17-08-2023,22-08-2023,CUST868,Aradhana Soni,Corporate,PROD464,Monitor,Electronics,South,Punjab,Agartala,4,14308,0,57232,31113.87,26118.13,Cash,Cancelled,Datta Group,nitesh30@chhabra.com,0,Yes,45
ORD1859,5/8/2026,15-05-2026,CUST343,Naveen Rout,Corporate,PROD646,Rice Bag,Grocery,East,Sikkim,Hindupur,9,8490,5,72589.5,56729.56,15859.94,Cash,Cancelled,Srivastava-Viswanathan,kaurnoah@madan.com,18,No,0
ORD1860,1/12/2026,13-01-2026,CUST366,Prisha Dani,Corporate,PROD513,File Folder,Office Supplies,North,Jharkhand,Bhilwara,6,1890,0,11340,5292.51,6047.49,Cash,Pending,"Brahmbhatt, Bains and Ray",jnarang@kuruvilla.com,43,No,0
ORD1861,22-09-2024,25-09-2024,CUST916,Arjun Lal,Consumer,PROD475,Monitor,Electronics,South,Karnataka,Machilipatnam,2,3965,0,7930,3600.81,4329.19,Net Banking,Returned,Bakshi PLC,gandhijonathan@ahluwalia-nadig.com,12,No,0
ORD1862,30-12-2023,1/4/2024,CUST517,Nirja Om,Corporate,PROD314,Cooking Oil,Grocery,North,Arunachal Pradesh,New Delhi,2,14962,20,23939.2,16500.42,7438.78,Cash,Returned,Bajaj-Loyal,gardekabir@mani-chakrabarti.com,2,Yes,21
ORD1863,25-02-2026,27-02-2026,CUST379,Harrison Wali,Home Office,PROD498,Laptop,Electronics,South,Nagaland,Bharatpur,10,9137,0,91370,56970.81,34399.19,Credit Card,Pending,Mitter and Sons,amruta73@vora.com,4,Yes,48
ORD1864,11/6/2025,11/9/2025,CUST583,Lila Nanda,Consumer,PROD173,Rice Bag,Grocery,North,Arunachal Pradesh,Dhule,3,1072,20,2572.8,1705.15,867.65,Credit Card,Delivered,Ranganathan and Sons,dalajachatterjee@radhakrishnan-chadha.biz,46,No,0
ORD1865,6/12/2026,19-06-2026,CUST360,Hredhaan Banerjee,Consumer,PROD336,Rice Bag,Grocery,West,Tamil Nadu,Bhubaneswar,8,8069,0,64552,21182.67,43369.33,Cash,Delivered,Babu Group,llal@ramachandran-karnik.com,42,No,0
ORD1866,7/8/2024,7/12/2024,CUST756,Raagini Dhingra,Consumer,PROD234,Mouse,Electronics,East,Telangana,Jamshedpur,4,7963,5,30259.4,23558.92,6700.48,UPI,Returned,"Bhattacharyya, Parikh and Desai",yastimander@prashad.com,10,No,0
ORD1867,11/7/2023,13-11-2023,CUST933,Gaurav Bhalla,Consumer,PROD517,Calculator,Office Supplies,West,Gujarat,Cuttack,1,14020,5,13319,4383.28,8935.72,Credit Card,Returned,Ganesan-Issac,veerbabu@chauhan-sarin.com,37,No,0
ORD1868,27-02-2024,29-02-2024,CUST853,Kai Bail,Corporate,PROD196,Headphones,Electronics,North,Odisha,Faridabad,8,4636,10,33379.2,20012.66,13366.54,UPI,Cancelled,Kala-Din,vedadas@balan.com,43,No,0
ORD1869,30-05-2026,6/2/2026,CUST667,Darpan Parekh,Consumer,PROD399,Rice Bag,Grocery,North,Assam,Khandwa,7,2668,20,14940.8,5334.81,9605.99,Credit Card,Cancelled,Dhingra-Varkey,wdube@mand.com,29,No,0
ORD1870,10/8/2024,10/10/2024,CUST480,Veda Dass,Home Office,PROD135,Cooking Oil,Grocery,South,Madhya Pradesh,Barasat,9,3359,5,28719.45,22397.51,6321.94,UPI,Pending,"Batra, Dash and Wason",zinal35@sachdev.com,48,No,0
ORD1871,7/10/2026,13-07-2026,CUST247,Jack Som,Home Office,PROD128,Keyboard,Electronics,North,Meghalaya,Alappuzha,1,6348,15,5395.8,3143.63,2252.17,Credit Card,Cancelled,Khanna-Mani,bhavnapradhan@singh-date.com,8,Yes,30
ORD1872,14-06-2025,19-06-2025,CUST171,Vyanjana Manda,Home Office,PROD620,Rice Bag,Grocery,West,Tamil Nadu,Vijayawada,8,7042,5,53519.2,28177.98,25341.22,Cash,Cancelled,"Sem, Bassi and Bansal",munichanchal@rastogi.com,26,No,0
ORD1873,2/4/2025,2/10/2025,CUST452,Faraj Wadhwa,Consumer,PROD807,Calculator,Office Supplies,South,Karnataka,Bhalswa Jahangir Pur,7,14137,0,98959,66639.67,32319.33,UPI,Pending,"Seth, Dyal and Raj",alalla@shankar-bhatt.com,23,No,0
ORD1874,13-06-2026,20-06-2026,CUST467,Charles Minhas,Corporate,PROD281,Cooking Oil,Grocery,East,Mizoram,Bidhannagar,3,2522,10,6809.4,4152.32,2657.08,Cash,Cancelled,Kurian-Das,zashil48@sha-wali.com,18,No,0
ORD1875,5/3/2024,5/7/2024,CUST353,Bhavya Chhabra,Home Office,PROD653,Sofa,Furniture,North,Gujarat,Kalyan-Dombivli,6,5503,20,26414.4,12178.75,14235.65,Cash,Returned,Ramanathan PLC,vasanaparmar@shenoy.info,34,No,0
ORD1876,14-04-2025,17-04-2025,CUST255,Tarak Chadha,Corporate,PROD586,Calculator,Office Supplies,West,Karnataka,Korba,3,2037,15,5194.35,3183.41,2010.94,UPI,Cancelled,"Gala, Reddy and Kala",yhalder@ramachandran.com,31,No,0
ORD1877,26-03-2026,4/2/2026,CUST477,Pratyush Agarwal,Consumer,PROD341,Rice Bag,Grocery,North,Maharashtra,Sonipat,9,2008,15,15361.2,9485.48,5875.72,UPI,Returned,Bobal and Sons,fchoudhury@konda.net,7,Yes,30
ORD1878,5/5/2024,5/6/2024,CUST602,Jalsa Sachar,Corporate,PROD410,Bookshelf,Furniture,East,Telangana,Kamarhati,4,11777,10,42397.2,28779.05,13618.15,Credit Card,Delivered,"Sha, Mukhopadhyay and Chauhan",mammensanaya@rattan-sethi.com,24,No,0
ORD1879,22-05-2024,25-05-2024,CUST826,Raksha Rout,Corporate,PROD723,Laptop,Electronics,North,Andhra Pradesh,Munger,5,13584,5,64524,42180.8,22343.2,UPI,Pending,"Sodhi, Nagarajan and Pathak",rachana69@sachdeva.com,17,No,0
ORD1880,22-11-2025,23-11-2025,CUST280,Ojasvi Kaur,Consumer,PROD352,Laptop,Electronics,North,Madhya Pradesh,Jammu,7,818,20,4580.8,3413.25,1167.55,Credit Card,Returned,"Joshi, Varghese and Venkataraman",mugdha94@luthra.net,48,No,0
ORD1881,17-11-2023,18-11-2023,CUST331,Nakul Sathe,Consumer,PROD174,Cooking Oil,Grocery,East,Himachal Pradesh,Asansol,10,13099,10,117891,60625.1,57265.9,Credit Card,Delivered,"Suri, Prabhakar and Modi",chakradevdeep@nagar-sekhon.biz,9,Yes,20
ORD1882,16-03-2024,19-03-2024,CUST751,Edhitha Batra,Corporate,PROD344,Study Table,Furniture,South,Odisha,Visakhapatnam,1,11454,10,10308.6,7951.96,2356.64,Cash,Delivered,Khanna and Sons,pjain@karnik.com,17,No,0
ORD1883,1/2/2024,1/9/2024,CUST663,Ansh Raman,Consumer,PROD337,Monitor,Electronics,East,Punjab,Sasaram,10,2254,15,19159,9017.11,10141.89,Net Banking,Delivered,"Bhat, Bhatti and Singh",muttidiya@raval.com,32,No,0
ORD1884,17-02-2025,19-02-2025,CUST497,Robert Peri,Home Office,PROD117,Keyboard,Electronics,North,Chhattisgarh,Kakinada,3,5448,0,16344,9022.89,7321.11,Cash,Cancelled,"Anne, Thakur and Soman",kapurodika@sarin.com,31,No,0
ORD1885,9/10/2024,15-09-2024,CUST142,Ekapad Agate,Home Office,PROD903,Office Chairs,Furniture,South,Goa,Srinagar,6,6566,0,39396,30131.67,9264.33,Net Banking,Returned,Garg-Srivastava,atikuruvilla@bail.com,38,No,0
ORD1886,17-06-2025,21-06-2025,CUST712,Finn Anne,Home Office,PROD680,Rice Bag,Grocery,East,West Bengal,Raebareli,5,4841,5,22994.75,16594.63,6400.12,Net Banking,Delivered,Goyal Group,balvanmajumdar@jha.com,35,No,0
ORD1887,14-08-2025,21-08-2025,CUST573,William Dubey,Consumer,PROD806,Rice Bag,Grocery,West,Maharashtra,Surat,5,6336,20,25344,19851.3,5492.7,Cash,Delivered,Varughese-Borra,radhika21@dugar-jani.com,18,No,0
ORD1888,13-11-2025,20-11-2025,CUST937,Anika Kumer,Home Office,PROD520,Sofa,Furniture,North,Tripura,Nellore,4,2962,0,11848,9224.59,2623.41,Cash,Delivered,Dara-Goswami,balria@bhatia.com,34,No,0
ORD1889,21-12-2023,23-12-2023,CUST620,Hitesh Raman,Consumer,PROD242,Pen,Office Supplies,East,Telangana,Rajpur Sonarpur,5,6358,5,30200.5,12321.58,17878.92,Cash,Delivered,Chandran-Kadakia,ydass@dutt.com,47,No,0
ORD1890,8/4/2026,8/5/2026,CUST888,Dakshesh Apte,Consumer,PROD838,Notebook,Office Supplies,South,Assam,Aurangabad,4,2349,10,8456.4,6677.92,1778.48,Net Banking,Pending,Keer-Sarna,leenashroff@mani.com,34,No,0
ORD1891,13-10-2025,17-10-2025,CUST411,Xalak Agate,Home Office,PROD156,Dining Table,Furniture,East,Manipur,Navi Mumbai,4,14335,5,54473,21622.1,32850.9,Cash,Pending,"Chaudhari, Gokhale and Deo",daraeshana@palla.info,36,No,0
ORD1892,5/3/2025,5/4/2025,CUST426,Rehaan Arya,Home Office,PROD140,Sofa,Furniture,South,Manipur,Aurangabad,9,8572,20,61718.4,22559.77,39158.63,Cash,Pending,Raman Group,balhaarmenon@sura.com,32,No,0
ORD1893,4/12/2026,19-04-2026,CUST801,Tanish Prakash,Corporate,PROD138,Mouse,Electronics,East,Jharkhand,Bettiah,2,12498,20,19996.8,11175.51,8821.29,UPI,Cancelled,"Ahluwalia, Swaminathan and Mani",usaraf@oza.biz,27,No,0
ORD1894,12/3/2023,12/5/2023,CUST589,Waida Issac,Home Office,PROD713,Headphones,Electronics,North,West Bengal,Panihati,9,3929,0,35361,18764.02,16596.98,UPI,Delivered,"Bajwa, Mammen and Parikh",hcomar@bedi.org,27,No,0
ORD1895,15-11-2023,17-11-2023,CUST615,Mekhala Bhargava,Corporate,PROD871,Monitor,Electronics,East,Nagaland,Ratlam,8,9591,5,72891.6,43403.97,29487.63,Net Banking,Pending,"Contractor, Dara and Ghosh",oommenpeter@nagarajan-dalia.org,29,No,0
ORD1896,29-09-2025,10/5/2025,CUST749,Chakrika Baral,Corporate,PROD669,Cooking Oil,Grocery,North,Rajasthan,Bardhaman,4,3702,20,11846.4,6806.66,5039.74,Cash,Delivered,Mandal-Dara,ydalal@rastogi-sehgal.net,50,No,0
ORD1897,13-08-2024,20-08-2024,CUST669,Pranit Bahri,Home Office,PROD434,File Folder,Office Supplies,West,Haryana,Munger,6,638,15,3253.8,2375.78,878.02,Credit Card,Delivered,Varty Group,rkonda@sandhu.com,16,No,0
ORD1898,20-03-2024,25-03-2024,CUST203,Aryan Bava,Corporate,PROD620,Bookshelf,Furniture,West,Nagaland,Gurgaon,6,3523,20,16910.4,11307.66,5602.74,Credit Card,Returned,"Thakkar, Shroff and Gandhi",ishwarbasak@khare.com,16,No,0
ORD1899,30-09-2025,10/6/2025,CUST667,Ayush Venkataraman,Corporate,PROD936,Sofa,Furniture,East,Arunachal Pradesh,Hosur,4,2166,5,8230.8,2889.25,5341.55,Cash,Cancelled,Hari Ltd,bosetara@barad-saraf.com,16,No,0
ORD1900,20-04-2026,27-04-2026,CUST965,Gaurang Banerjee,Corporate,PROD165,Bookshelf,Furniture,North,Madhya Pradesh,Hapur,5,6890,0,34450,10614.05,23835.95,Cash,Cancelled,Dhawan-Nigam,raksha28@chadha-char.net,36,No,0
ORD1901,28-01-2026,2/3/2026,CUST913,Pratyush Gola,Corporate,PROD210,Office Chairs,Furniture,North,Telangana,Bally,2,3273,15,5564.1,2458.02,3106.08,Net Banking,Delivered,Ravel-Edwin,darpandyal@wable-subramanian.com,16,No,0
ORD1902,12/5/2023,12/8/2023,CUST876,Advay Ramanathan,Consumer,PROD918,Study Table,Furniture,West,Mizoram,Vijayawada,3,6731,15,17164.05,6788.82,10375.23,Net Banking,Returned,Borde Group,dhillonjeremiah@arora.com,8,Yes,45
ORD1903,9/12/2024,15-09-2024,CUST205,Anvi Randhawa,Home Office,PROD377,Office Chairs,Furniture,West,Karnataka,Avadi,4,12106,10,43581.6,20406.27,23175.33,Credit Card,Delivered,Suresh Group,leenabanik@sastry.com,35,No,0
ORD1904,22-08-2025,29-08-2025,CUST991,Ethan Mammen,Corporate,PROD277,Notebook,Office Supplies,North,Sikkim,Berhampur,2,2912,20,4659.2,2757.7,1901.5,Cash,Returned,Sidhu PLC,senfaqid@maharaj.biz,13,No,0
ORD1905,13-03-2024,18-03-2024,CUST971,Eta Pal,Consumer,PROD205,Keyboard,Electronics,South,Haryana,Ludhiana,8,10181,15,69230.8,43725.89,25504.91,Net Banking,Pending,Magar LLC,dakshajayaraman@bawa.com,45,No,0
ORD1906,19-08-2023,21-08-2023,CUST515,Bhavika Sane,Corporate,PROD556,Mouse,Electronics,North,Mizoram,Tadepalligudem,9,4725,5,40398.75,24454.79,15943.96,Cash,Pending,Madan-Gala,kdas@bala.info,27,No,0
ORD1907,4/8/2026,15-04-2026,CUST325,Faraj Palla,Consumer,PROD679,Cooking Oil,Grocery,East,Madhya Pradesh,Bally,1,13492,20,10793.6,6926.66,3866.94,UPI,Delivered,"Keer, Kurian and Sethi",agastyavarty@kulkarni.com,35,No,0
ORD1908,18-04-2025,22-04-2025,CUST453,Shivansh Parikh,Home Office,PROD277,Office Chairs,Furniture,West,Haryana,Sultan Pur Majra,6,12333,10,66598.2,52723.29,13874.91,Net Banking,Pending,Konda-Puri,deokai@keer.com,34,No,0
ORD1909,13-06-2026,19-06-2026,CUST705,Xavier Khalsa,Consumer,PROD654,Stapler,Office Supplies,North,Uttar Pradesh,Ratlam,2,3902,0,7804,6148.99,1655.01,Net Banking,Cancelled,Mody-Babu,pandeyfaris@chand.com,26,No,0
ORD1910,28-01-2025,29-01-2025,CUST332,Omya Rajagopal,Consumer,PROD965,Laptop,Electronics,East,Punjab,Korba,4,2552,5,9697.6,5346.15,4351.45,Net Banking,Returned,"Ravel, Merchant and Bhardwaj",manneomya@rajagopalan.biz,1,Yes,24
ORD1911,21-07-2024,26-07-2024,CUST474,Eiravati Seshadri,Consumer,PROD277,Laptop,Electronics,North,Arunachal Pradesh,Maheshtala,5,4690,15,19932.5,15213.9,4718.6,Cash,Delivered,Ramesh and Sons,bvig@rau.com,15,No,0
ORD1912,3/11/2025,17-03-2025,CUST502,Osha Menon,Corporate,PROD239,Headphones,Electronics,West,Tamil Nadu,Jamnagar,7,10120,0,70840,31717.95,39122.05,Net Banking,Cancelled,Ganesh Inc,shauryabehl@bhargava-oza.com,22,No,0
ORD1913,12/10/2024,13-12-2024,CUST514,Radhika Som,Corporate,PROD456,Rice Bag,Grocery,West,Maharashtra,Mira-Bhayandar,4,7819,0,31276,21911.97,9364.03,Cash,Delivered,Taneja-Kannan,galagunbir@mohan.com,22,No,0
ORD1914,13-12-2024,14-12-2024,CUST528,Vamakshi Pai,Home Office,PROD609,Pen,Office Supplies,South,West Bengal,Bhavnagar,10,11901,15,101158.5,73828.33,27330.17,Credit Card,Returned,Arya-Sekhon,nehapanchal@bava.info,32,No,0
ORD1915,11/5/2023,11/10/2023,CUST191,Samarth Gade,Consumer,PROD278,Cooking Oil,Grocery,North,Meghalaya,Salem,2,1517,15,2578.9,871.67,1707.23,Credit Card,Cancelled,"Halder, Johal and Nagar",deodarpan@dua.com,27,No,0
ORD1916,31-07-2026,8/4/2026,CUST116,Balveer Muni,Corporate,PROD996,Rice Bag,Grocery,West,Gujarat,Bhilai,4,8837,20,28278.4,21048.04,7230.36,Net Banking,Pending,Basak and Sons,kumersiddharth@aurora.com,23,No,0
ORD1917,6/1/2024,6/5/2024,CUST716,Indali Naidu,Corporate,PROD393,Headphones,Electronics,South,Jharkhand,Ratlam,5,5762,5,27369.5,8619.27,18750.23,Cash,Returned,"Chacko, Chanda and Reddy",buchyashawini@kapoor.com,44,No,0
ORD1918,4/8/2026,13-04-2026,CUST230,Tripti Lal,Corporate,PROD705,Calculator,Office Supplies,East,Sikkim,Rampur,1,2647,15,2249.95,1687.52,562.43,UPI,Cancelled,Karpe Group,rajawidisha@nath-vala.info,3,Yes,50
ORD1919,25-04-2024,5/1/2024,CUST104,Ria Bir,Home Office,PROD495,Dining Table,Furniture,West,Mizoram,Durgapur,5,3309,20,13236,8923.3,4312.7,Cash,Cancelled,"Hayer, Saraf and Yadav",aarnav46@loke.org,26,No,0
ORD1920,3/2/2026,3/3/2026,CUST115,Pooja Biswas,Home Office,PROD345,Laptop,Electronics,West,West Bengal,Muzaffarpur,3,5114,10,13807.8,10558.07,3249.73,Net Banking,Delivered,"Chawla, Murty and Chakraborty",jyoti39@chakraborty.info,22,No,0
ORD1921,21-06-2025,27-06-2025,CUST185,Oni D’Alia,Consumer,PROD268,Pen,Office Supplies,East,Mizoram,Agartala,7,12969,20,72626.4,29504.36,43122.04,Net Banking,Returned,"Nair, Mall and Golla",sandhunidhi@dalia.net,36,No,0
ORD1922,2/2/2025,2/8/2025,CUST207,Patrick Lalla,Corporate,PROD866,Rice Bag,Grocery,South,Uttar Pradesh,Sri Ganganagar,3,905,0,2715,1451.16,1263.84,UPI,Pending,Mukhopadhyay PLC,divya05@thakkar.com,11,No,0
ORD1923,19-08-2025,23-08-2025,CUST873,Ladli Vyas,Consumer,PROD272,Bookshelf,Furniture,West,Assam,Bhind,6,14717,5,83886.9,65153.71,18733.19,Cash,Cancelled,"Chawla, Bahri and Bains",kdasgupta@varma.org,21,No,0
ORD1924,24-09-2025,27-09-2025,CUST832,Vincent Parikh,Consumer,PROD607,Study Table,Furniture,East,Goa,Kolhapur,7,8502,0,59514,39181.12,20332.88,Net Banking,Returned,"Mani, Hegde and Sarma",gghose@koshy-peri.org,30,No,0
ORD1925,7/12/2025,14-07-2025,CUST729,Balhaar Sinha,Consumer,PROD837,Keyboard,Electronics,South,Manipur,Hazaribagh,9,8165,10,66136.5,49650,16486.5,UPI,Cancelled,Sastry-Murthy,dugarmichael@ganesan-dada.com,5,Yes,46
ORD1926,22-04-2025,24-04-2025,CUST462,Udarsh Wason,Corporate,PROD598,Dining Table,Furniture,North,Punjab,Sasaram,1,7168,20,5734.4,1746.87,3987.53,Credit Card,Cancelled,Anne-Bhavsar,zsandhu@keer-subramanian.com,30,No,0
ORD1927,25-06-2024,7/2/2024,CUST407,Dalaja Sama,Consumer,PROD481,Rice Bag,Grocery,East,Sikkim,Jorhat,4,4152,15,14116.8,11198.55,2918.25,UPI,Returned,Chacko PLC,bbail@kota.com,33,No,0
ORD1928,23-10-2024,27-10-2024,CUST341,Triya Gade,Home Office,PROD281,Stapler,Office Supplies,East,Manipur,Mira-Bhayandar,1,3483,20,2786.4,2081.46,704.94,UPI,Pending,Saraf-Sehgal,kalaaarna@minhas-minhas.com,20,No,0
ORD1929,15-06-2024,18-06-2024,CUST745,Samaksh Soman,Home Office,PROD246,Pen,Office Supplies,West,Manipur,Erode,10,14821,10,133389,49704.91,83684.09,Cash,Delivered,Patla-Radhakrishnan,krishasalvi@kala.com,0,Yes,34
ORD1930,14-09-2023,15-09-2023,CUST419,Wazir Loke,Home Office,PROD199,Monitor,Electronics,East,Maharashtra,Sangli-Miraj & Kupwad,4,14530,15,49402,16626.02,32775.98,Credit Card,Pending,Chand Ltd,rajata26@bali.com,32,No,0
ORD1931,25-12-2023,31-12-2023,CUST819,Aachal Shanker,Consumer,PROD370,Sofa,Furniture,West,West Bengal,Latur,3,13393,20,32143.2,17174.15,14969.05,UPI,Pending,Mistry Inc,fradopant@pillay.com,41,No,0
ORD1932,9/7/2024,14-09-2024,CUST149,Ekaja Tripathi,Consumer,PROD299,Pen,Office Supplies,South,Manipur,Chittoor,8,6211,20,39750.4,27579.08,12171.32,Net Banking,Pending,"Batta, Bajaj and Soman",prattan@hayre.com,45,No,0
ORD1933,18-05-2025,19-05-2025,CUST337,Luke Jha,Consumer,PROD568,Cooking Oil,Grocery,West,Karnataka,Ratlam,5,6882,10,30969,9677.47,21291.53,Cash,Returned,Mall-Munshi,shankerelijah@koshy.com,26,No,0
ORD1934,25-08-2024,28-08-2024,CUST273,Ekaja Buch,Home Office,PROD888,Monitor,Electronics,South,Uttarakhand,Singrauli,10,14986,5,142367,69296.18,73070.82,Credit Card,Delivered,Wason PLC,sandhukabir@tandon.com,22,No,0
ORD1935,3/6/2025,3/8/2025,CUST330,Daniel Rai,Home Office,PROD533,Mouse,Electronics,West,Sikkim,Ahmedabad,2,952,15,1618.4,701.44,916.96,Cash,Cancelled,Nigam Ltd,vnarain@gole.com,44,No,0
ORD1936,29-01-2025,31-01-2025,CUST510,Harrison Bhardwaj,Home Office,PROD342,Keyboard,Electronics,West,Madhya Pradesh,Kavali,2,4361,0,8722,6823.76,1898.24,Net Banking,Delivered,Pingle Group,banerjeedakshesh@zachariah.com,17,No,0
ORD1937,9/1/2024,9/8/2024,CUST296,Robert Sahota,Consumer,PROD737,Notebook,Office Supplies,North,Madhya Pradesh,Hapur,6,565,20,2712,2160.38,551.62,UPI,Delivered,Sani PLC,idixit@baral.com,43,No,0
ORD1938,31-01-2025,2/5/2025,CUST782,Sarthak Palan,Home Office,PROD203,Rice Bag,Grocery,South,Andhra Pradesh,Tiruchirappalli,7,9482,5,63055.3,28699.55,34355.75,Credit Card,Cancelled,Radhakrishnan PLC,fjha@saran-bal.com,38,No,0
ORD1939,5/9/2024,16-05-2024,CUST780,Harinakshi Dewan,Consumer,PROD834,Cooking Oil,Grocery,West,Arunachal Pradesh,Thiruvananthapuram,5,5949,15,25283.25,10933.52,14349.73,Cash,Cancelled,"Morar, Nanda and Venkataraman",anikamani@khare.net,11,No,0
ORD1940,9/5/2025,9/7/2025,CUST226,Yahvi Wadhwa,Consumer,PROD428,Cooking Oil,Grocery,East,Kerala,Jaipur,3,11823,20,28375.2,21464.82,6910.38,Net Banking,Cancelled,"Bhagat, Chada and Keer",ekaraj55@merchant.com,6,Yes,48
ORD1941,19-07-2025,25-07-2025,CUST190,Bakhshi Lalla,Corporate,PROD115,Stapler,Office Supplies,East,Rajasthan,Aurangabad,5,13741,10,61834.5,28925.22,32909.28,Credit Card,Pending,Srinivasan-Natarajan,anshsama@salvi.com,37,No,0
ORD1942,8/8/2025,8/9/2025,CUST605,Indali Bath,Home Office,PROD387,Dining Table,Furniture,West,Karnataka,Jamnagar,3,4868,15,12413.4,5108.91,7304.49,Net Banking,Delivered,Randhawa-Comar,faqid64@hari-dani.net,33,No,0
ORD1943,16-11-2024,17-11-2024,CUST593,Frado Parsa,Corporate,PROD682,Dining Table,Furniture,South,Sikkim,Uluberia,8,7446,15,50632.8,21212.7,29420.1,UPI,Returned,Rajan LLC,vedantshan@sehgal-desai.com,15,No,0
ORD1944,28-12-2024,1/1/2025,CUST725,Raghav Manne,Consumer,PROD641,File Folder,Office Supplies,South,Madhya Pradesh,Anantapur,9,12241,0,110169,60028.01,50140.99,Net Banking,Cancelled,Nigam-Rana,lopa22@kannan.com,17,No,0
ORD1945,23-05-2026,27-05-2026,CUST740,Charles Mall,Home Office,PROD841,Rice Bag,Grocery,West,Karnataka,Agartala,6,8938,15,45583.8,33986.54,11597.26,UPI,Delivered,Kumar and Sons,gaurangvarughese@grewal.com,21,No,0
ORD1946,2/7/2026,2/12/2026,CUST781,Pahal Bajaj,Corporate,PROD582,Monitor,Electronics,West,Himachal Pradesh,Bhusawal,2,12830,0,25660,9420.8,16239.2,UPI,Cancelled,Subramaniam-Nayar,raghav31@sheth-sen.info,45,No,0
ORD1947,5/6/2024,5/9/2024,CUST269,Chasmum Kapur,Corporate,PROD896,Keyboard,Electronics,North,Karnataka,Kulti,3,10880,20,26112,11429.26,14682.74,Net Banking,Cancelled,Sanghvi-Dora,parmerunni@lal-sha.com,34,No,0
ORD1948,24-04-2025,28-04-2025,CUST253,Radhika Dugar,Corporate,PROD529,Bookshelf,Furniture,South,Kerala,Unnao,6,4468,5,25467.6,19363.38,6104.22,Cash,Delivered,"Bhattacharyya, Ganesh and Saraf",pradhansneha@nagi.com,24,No,0
ORD1949,22-01-2024,24-01-2024,CUST828,Ishanvi Tandon,Consumer,PROD357,Bookshelf,Furniture,South,Haryana,Vijayanagaram,9,3595,10,29119.5,14582.97,14536.53,Net Banking,Delivered,Vasa Group,nidhibadami@anand.com,32,No,0
ORD1950,20-07-2024,25-07-2024,CUST257,Vamakshi Khalsa,Consumer,PROD712,Calculator,Office Supplies,East,Manipur,Hindupur,2,13389,20,21422.4,15954.27,5468.13,Credit Card,Returned,Thakur-Narasimhan,jasmit10@patla-misra.com,9,Yes,32
ORD1951,12/1/2024,12/3/2024,CUST599,Falan Murthy,Consumer,PROD994,Office Chairs,Furniture,East,Arunachal Pradesh,Jamalpur,1,13341,20,10672.8,5490.8,5182,Credit Card,Cancelled,Jaggi-Comar,bhattacharyyaarin@raju.biz,23,No,0
ORD1952,6/9/2026,6/11/2026,CUST492,Yadavi Dara,Home Office,PROD997,Laptop,Electronics,East,Meghalaya,Rohtak,10,6573,10,59157,38050.31,21106.69,Net Banking,Pending,"Trivedi, Sharma and Pandey",chanakya96@barad-rege.com,11,No,0
ORD1953,20-04-2026,23-04-2026,CUST112,Ayaan Ravi,Corporate,PROD669,Headphones,Electronics,East,Haryana,Gopalpur,5,7689,0,38445,12092.15,26352.85,Cash,Returned,"Nigam, Chaudhuri and Ganesan",oshadua@sani-bandi.org,33,No,0
ORD1954,28-05-2026,31-05-2026,CUST815,Vasana Tiwari,Consumer,PROD354,Cooking Oil,Grocery,South,Uttarakhand,Anand,2,13750,20,22000,6700.18,15299.82,Credit Card,Returned,Patla and Sons,bassirohan@ratti.info,39,No,0
ORD1955,8/1/2025,8/6/2025,CUST220,Omkaar Ganesan,Corporate,PROD951,Sofa,Furniture,West,Madhya Pradesh,Bidhannagar,4,4484,10,16142.4,9677.23,6465.17,Cash,Delivered,Bail-Puri,tripathiayaan@dhar.com,42,No,0
ORD1956,8/6/2024,8/8/2024,CUST100,Chavvi Patla,Corporate,PROD481,Notebook,Office Supplies,South,Assam,Baranagar,9,11849,20,85312.8,54479.45,30833.35,Cash,Cancelled,"Chaudhuri, Mistry and Thakur",oliver21@basu-pingle.com,35,No,0
ORD1957,25-06-2025,28-06-2025,CUST324,Hiral Kadakia,Corporate,PROD478,Rice Bag,Grocery,West,Tamil Nadu,Secunderabad,3,10289,0,30867,9778.8,21088.2,UPI,Delivered,Loyal-Som,pranit42@bala-prabhu.com,17,No,0
ORD1958,4/3/2025,4/6/2025,CUST318,Jeremiah Natarajan,Home Office,PROD551,Office Chairs,Furniture,East,Karnataka,Jaipur,8,3241,20,20742.4,10974.72,9767.68,UPI,Delivered,Parsa-Kibe,zsinghal@kannan.com,14,No,0
ORD1959,20-09-2024,24-09-2024,CUST916,Kashvi Sachdev,Corporate,PROD371,File Folder,Office Supplies,East,Maharashtra,Nagpur,2,120,0,240,181.57,58.43,Cash,Returned,Dasgupta Inc,daksh50@radhakrishnan-chakraborty.org,21,No,0
ORD1960,12/11/2023,15-12-2023,CUST979,Anamika Deep,Consumer,PROD873,Office Chairs,Furniture,North,Haryana,Latur,5,831,20,3324,2465.56,858.44,Net Banking,Pending,"Bhagat, Sen and Upadhyay",idua@shanker-chawla.com,11,No,0
ORD1961,25-12-2024,26-12-2024,CUST162,Charan Magar,Home Office,PROD455,Office Chairs,Furniture,North,Tamil Nadu,Bhilwara,7,5235,0,36645,12264.91,24380.09,UPI,Pending,"Yohannan, Raman and Varghese",iminhas@nayak.info,44,No,0
ORD1962,27-06-2024,28-06-2024,CUST175,Adya Biswas,Corporate,PROD381,Cooking Oil,Grocery,South,Andhra Pradesh,Mahbubnagar,3,3327,15,8483.85,5449.07,3034.78,Net Banking,Returned,"Parmer, Handa and Sharaf",pavani69@padmanabhan-dhawan.net,13,No,0
ORD1963,7/2/2024,7/7/2024,CUST730,Radhika Cheema,Corporate,PROD591,Study Table,Furniture,West,Kerala,Sagar,1,890,20,712,397.61,314.39,UPI,Cancelled,Dewan-Jayaraman,priyabarman@lata-walia.biz,38,No,0
ORD1964,23-07-2025,29-07-2025,CUST876,Sachi Subramanian,Corporate,PROD439,Pen,Office Supplies,East,Arunachal Pradesh,Bathinda,5,6302,0,31510,16440.42,15069.58,Credit Card,Cancelled,"Verma, Sankaran and Dyal",chatterjeesneha@kapur.com,20,No,0
ORD1965,19-09-2023,20-09-2023,CUST692,Harini Jhaveri,Consumer,PROD195,Cooking Oil,Grocery,South,Arunachal Pradesh,Agra,8,5157,0,41256,31852.06,9403.94,Cash,Delivered,Deo Ltd,padmanabhanhamsini@goyal.com,0,Yes,25
ORD1966,30-08-2025,9/4/2025,CUST464,Zaid Vora,Consumer,PROD614,Laptop,Electronics,North,Rajasthan,Munger,2,7757,10,13962.6,8947.68,5014.92,Credit Card,Returned,Chada Ltd,sudiksha21@gera.org,31,No,0
ORD1967,24-09-2023,30-09-2023,CUST666,Logan Modi,Consumer,PROD350,Monitor,Electronics,South,Uttarakhand,Srinagar,5,321,5,1524.75,1057.68,467.07,Net Banking,Returned,"Chadha, Dhingra and Vora",agarwalnilima@kumar.com,43,No,0
ORD1968,29-07-2024,8/3/2024,CUST619,Aarna Dash,Corporate,PROD490,Bookshelf,Furniture,South,Uttar Pradesh,Vadodara,3,9038,20,21691.2,8310.15,13381.05,Net Banking,Returned,Ghose-Goyal,rajansamaksh@sarma.com,15,No,0
ORD1969,14-06-2025,18-06-2025,CUST711,Zashil Mittal,Corporate,PROD772,Bookshelf,Furniture,East,Gujarat,Gangtok,1,13346,5,12678.7,6633.9,6044.8,Credit Card,Pending,Wable-Gara,tarak83@suri-narang.com,5,Yes,24
ORD1970,2/10/2026,14-02-2026,CUST658,Janya Kumar,Corporate,PROD174,File Folder,Office Supplies,North,Kerala,Anantapur,1,11336,15,9635.6,5884.14,3751.46,Net Banking,Returned,"Sood, Kapadia and Tailor",faqidoommen@contractor.info,4,Yes,47
ORD1971,5/12/2024,18-05-2024,CUST332,Alka Lata,Corporate,PROD998,Keyboard,Electronics,East,Himachal Pradesh,Siwan,1,3199,20,2559.2,1078.64,1480.56,UPI,Pending,"Amble, Bala and Sha",xalak39@sawhney.info,24,No,0
ORD1972,11/12/2024,14-11-2024,CUST105,Anjali Sinha,Consumer,PROD552,Pen,Office Supplies,West,Assam,Fatehpur,6,7040,15,35904,11506.04,24397.96,Net Banking,Delivered,Rajagopalan-Grewal,wkata@kalla.com,43,No,0
ORD1973,5/6/2024,5/10/2024,CUST269,Edhitha Tak,Home Office,PROD250,Pen,Office Supplies,East,Uttar Pradesh,Yamunanagar,3,5731,15,14614.05,7991.08,6622.97,Credit Card,Pending,"Modi, Sibal and Rajan",krishnakhurana@chacko-batta.com,40,No,0
ORD1974,25-07-2025,28-07-2025,CUST419,Fariq Hans,Home Office,PROD995,Cooking Oil,Grocery,West,Madhya Pradesh,Vasai-Virar,5,703,20,2812,1367.05,1444.95,Credit Card,Cancelled,Das LLC,maanas81@hayer.com,39,No,0
ORD1975,29-04-2025,5/5/2025,CUST211,Chaman Bail,Consumer,PROD949,Notebook,Office Supplies,East,Punjab,Durg,3,13273,5,37828.05,24578.6,13249.45,Net Banking,Pending,Mody-Chacko,kamala92@mangat-anand.com,38,No,0
ORD1976,20-07-2025,22-07-2025,CUST818,Ridhi Das,Corporate,PROD369,Rice Bag,Grocery,West,Himachal Pradesh,Jodhpur,2,14486,10,26074.8,19527.86,6546.94,UPI,Returned,Sridhar-Dugar,imarancherian@kannan-pandit.biz,19,No,0
ORD1977,23-01-2025,30-01-2025,CUST779,Warda Deol,Corporate,PROD779,Stapler,Office Supplies,South,Sikkim,Serampore,3,13748,5,39181.8,24964.24,14217.56,Net Banking,Pending,"Parikh, Chanda and Dar",thomas80@pai-uppal.com,15,No,0
ORD1978,18-10-2023,22-10-2023,CUST761,Nakul Sanghvi,Home Office,PROD975,Study Table,Furniture,North,Haryana,Kota,4,9573,15,32548.2,15482.19,17066.01,Net Banking,Cancelled,"Seth, Sandhu and Kapur",chakrabortyabhimanyu@anne-balakrishnan.com,36,No,0
ORD1979,14-07-2025,17-07-2025,CUST243,Nidra Loyal,Home Office,PROD720,File Folder,Office Supplies,East,Maharashtra,Thiruvananthapuram,5,3174,5,15076.5,10629.95,4446.55,Cash,Pending,Chaudhuri LLC,krish06@sabharwal.com,28,No,0
ORD1980,8/10/2024,15-08-2024,CUST369,Upasna Contractor,Consumer,PROD701,Calculator,Office Supplies,East,Rajasthan,Purnia,4,6485,0,25940,8977.61,16962.39,Net Banking,Pending,Iyer Inc,skeer@dewan.com,4,Yes,45
ORD1981,8/12/2025,16-08-2025,CUST266,Faras Sahota,Consumer,PROD287,Pen,Office Supplies,East,Andhra Pradesh,Vadodara,2,818,0,1636,651.05,984.95,Net Banking,Returned,Gade and Sons,lbera@oak.info,7,Yes,46
ORD1982,22-03-2026,29-03-2026,CUST628,Pranav Kumar,Corporate,PROD245,Laptop,Electronics,West,Punjab,Hazaribagh,4,12393,0,49572,18175.08,31396.92,Net Banking,Cancelled,Kumar-Goda,brindahayre@ravi.net,47,No,0
ORD1983,18-11-2023,21-11-2023,CUST196,Eiravati Saran,Home Office,PROD590,Sofa,Furniture,North,Sikkim,Mango,5,11474,15,48764.5,31363.3,17401.2,Net Banking,Pending,Sarkar Group,darsh97@subramanian-pal.com,30,No,0
ORD1984,28-02-2026,3/4/2026,CUST335,Aashi Zacharia,Corporate,PROD936,Office Chairs,Furniture,West,Manipur,Firozabad,7,5419,10,34139.7,25151.32,8988.38,Credit Card,Cancelled,Shukla-Ranganathan,behlkrish@maharaj.com,34,No,0
ORD1985,30-11-2025,12/2/2025,CUST186,Siya Barad,Consumer,PROD234,Study Table,Furniture,North,Nagaland,Jodhpur,5,10117,0,50585,27005.79,23579.21,Net Banking,Returned,Gandhi-Memon,jalsa18@chadha.info,26,No,0
ORD1986,10/12/2023,18-10-2023,CUST396,Samuel Wagle,Home Office,PROD827,Rice Bag,Grocery,North,Rajasthan,Jalandhar,2,4409,5,8377.1,3030.18,5346.92,Credit Card,Cancelled,Dutta and Sons,wkarpe@balakrishnan.com,37,No,0
ORD1987,12/7/2023,12/12/2023,CUST834,Upma Behl,Home Office,PROD921,Bookshelf,Furniture,North,Bihar,Salem,3,5562,5,15851.7,9445.57,6406.13,Net Banking,Cancelled,Sarraf-Vig,dgrewal@menon.net,31,No,0
ORD1988,16-12-2025,22-12-2025,CUST560,Rachita Parmer,Home Office,PROD268,Bookshelf,Furniture,North,Uttar Pradesh,Bahraich,6,8874,5,50581.8,25362.79,25219.01,Credit Card,Pending,"Kannan, Borde and Baral",madhavikant@dar.org,40,No,0
ORD1989,5/1/2024,5/8/2024,CUST275,Inaya Wagle,Corporate,PROD260,Monitor,Electronics,West,Punjab,Katni,8,4186,15,28464.8,17959.64,10505.16,Cash,Returned,"Keer, Issac and Verma",lkhalsa@bal.info,22,No,0
ORD1990,8/2/2025,8/8/2025,CUST548,Balhaar Kale,Corporate,PROD287,Cooking Oil,Grocery,East,Tripura,Gandhinagar,10,11851,0,118510,64085.65,54424.35,Cash,Returned,Soman LLC,phari@randhawa-ramaswamy.com,7,Yes,45
ORD1991,13-10-2025,19-10-2025,CUST405,Zaid Tank,Corporate,PROD815,Dining Table,Furniture,West,Mizoram,Nadiad,9,10296,15,78764.4,49631.2,29133.2,Net Banking,Cancelled,Mani-Tailor,kiaan31@bava-chanda.com,13,No,0
ORD1992,18-03-2026,22-03-2026,CUST137,Ishani Sabharwal,Corporate,PROD284,Cooking Oil,Grocery,West,Madhya Pradesh,Maheshtala,8,1317,0,10536,4385.25,6150.75,Credit Card,Pending,Bansal Inc,krishnandayita@bora.info,42,No,0
ORD1993,29-01-2025,2/5/2025,CUST123,William Karpe,Corporate,PROD974,Study Table,Furniture,South,Odisha,Jabalpur,10,6163,15,52385.5,18963.82,33421.68,Net Banking,Delivered,Mittal-Chand,qadim15@dhillon-chada.net,18,No,0
ORD1994,4/1/2026,4/4/2026,CUST841,Agastya Barman,Corporate,PROD508,Study Table,Furniture,North,West Bengal,Deoghar,9,1763,0,15867,10491.53,5375.47,Cash,Pending,"Prakash, Bumb and Radhakrishnan",aroraharini@pall.com,34,No,0
ORD1995,18-12-2025,21-12-2025,CUST174,Harish Sura,Corporate,PROD224,Sofa,Furniture,North,Chhattisgarh,Alappuzha,6,1487,15,7583.7,4614.93,2968.77,Credit Card,Cancelled,Sampath Ltd,bedijyoti@bail.com,39,No,0
ORD1996,23-04-2026,27-04-2026,CUST124,Balendra Kar,Home Office,PROD628,Dining Table,Furniture,South,Haryana,Bellary,6,9833,5,56048.1,39497.93,16550.17,Credit Card,Cancelled,Nair PLC,gchanda@chaudry.com,47,No,0
ORD1997,5/11/2025,15-05-2025,CUST442,Orinder Grover,Home Office,PROD616,Rice Bag,Grocery,East,Bihar,Siwan,10,8317,15,70694.5,49722.06,20972.44,Cash,Cancelled,Chanda Group,jchandra@pal.org,46,No,0
ORD1998,7/10/2025,17-07-2025,CUST967,Fariq Zacharia,Consumer,PROD701,Study Table,Furniture,North,West Bengal,Madurai,10,11874,20,94992,52433.62,42558.38,Credit Card,Cancelled,"Tata, Prabhakar and Patil",noahvenkatesh@chaudhary.biz,0,Yes,39
ORD1999,1/4/2026,1/5/2026,CUST890,Liam Nazareth,Consumer,PROD952,Pen,Office Supplies,South,Maharashtra,Nanded,2,8059,15,13700.3,9248.96,4451.34,Cash,Returned,Sarraf and Sons,panchalupma@sule.info,8,Yes,40
